,害蟲名稱,縣市,鄉鎮,年度,月份,旬,平均值,ID,date,St
0,斜紋夜蛾,彰化縣,福興鄉,2015,2,1,3.0,C0G640,2015-02-01,C0G640
1,斜紋夜蛾,彰化縣,田尾鄉,2015,2,1,5.0,C0G840,2015-02-01,C0G840
2,斜紋夜蛾,彰化縣,大城鄉,2015,2,1,8.7,C0G840,2015-02-01,C0G840
3,斜紋夜蛾,新竹縣,竹北市,2015,2,1,8.3,467571,2015-02-01,467571
4,斜紋夜蛾,新北市,蘆洲區,2015,2,1,3.0,C0ACA0,2015-02-01,C0ACA0
5,斜紋夜蛾,雲林縣,褒忠鄉,2015,2,1,3.3,C0K250,2015-02-01,C0K250
6,斜紋夜蛾,高雄市,岡山區,2015,2,1,3.7,C0V670,2015-02-01,C0V670
7,斜紋夜蛾,苗栗縣,後龍鎮,2015,2,1,1.7,C0E750,2015-02-01,C0E750
8,斜紋夜蛾,花連縣,新秀地區,2015,2,1,4.3,466990,2015-02-01,466990
9,斜紋夜蛾,花連縣,吉安鄉,2015,2,1,5.7,466990,2015-02-01,466990
10,斜紋夜蛾,台南市,官田區,2015,2,1,2.7,C0O900,2015-02-01,C0O900
11,斜紋夜蛾,台中市,霧峰區,2015,2,1,68.0,C1F9B1,2015-02-01,C1F9B1
12,斜紋夜蛾,台中市,龍井區,2015,2,1,2.0,467770,2015-02-01,467770
13,斜紋夜蛾,台中市,大甲區,2015,2,1,0.7,C0F930,2015-02-01,C0F930
14,斜紋夜蛾,彰化縣,福興鄉,2015,1,3,4.3,C0G640,2015-01-21,C0G640
15,斜紋夜蛾,彰化縣,田尾鄉,2015,1,3,5.0,C0G840,2015-01-21,C0G840
16,斜紋夜蛾,彰化縣,大城鄉,2015,1,3,16.7,C0G840,2015-01-21,C0G840
17,斜紋夜蛾,新竹縣,竹北市,2015,1,3,8.7,467571,2015-01-21,467571
18,斜紋夜蛾,新北市,蘆洲區,2015,1,3,1.0,C0ACA0,2015-01-21,C0ACA0
19,斜紋夜蛾,雲林縣,褒忠鄉,2015,1,3,3.0,C0K250,2015-01-21,C0K250
20,斜紋夜蛾,高雄市,岡山區,2015,1,3,5.3,C0V670,2015-01-21,C0V670
21,斜紋夜蛾,苗栗縣,後龍鎮,2015,1,3,5.3,C0E750,2015-01-21,C0E750
22,斜紋夜蛾,花蓮縣,新秀地區,2015,1,3,5.7,466990,2015-01-21,466990
23,斜紋夜蛾,花蓮縣,吉安鄉,2015,1,3,5.3,466990,2015-01-21,466990
24,斜紋夜蛾,台南市,官田區,2015,1,3,0.7,C0O900,2015-01-21,C0O900
25,斜紋夜蛾,台中市,霧峰區,2015,1,3,73.3,C1F9B1,2015-01-21,C1F9B1
26,斜紋夜蛾,台中市,龍井區,2015,1,3,2.7,467770,2015-01-21,467770
27,斜紋夜蛾,台中市,大甲區,2015,1,3,0.7,C0F930,2015-01-21,C0F930
28,斜紋夜蛾,彰化縣,福興鄉,2015,1,2,8.0,C0G640,2015-01-11,C0G640
29,斜紋夜蛾,彰化縣,田尾鄉,2015,1,2,5.0,C0G840,2015-01-11,C0G840
30,斜紋夜蛾,彰化縣,大城鄉,2015,1,2,10.7,C0G840,2015-01-11,C0G840
31,斜紋夜蛾,新竹縣,竹北市,2015,1,2,8.3,467571,2015-01-11,467571
32,斜紋夜蛾,新北市,蘆洲區,2015,1,2,0.3,C0ACA0,2015-01-11,C0ACA0
33,斜紋夜蛾,雲林縣,褒忠鄉,2015,1,2,5.3,C0K250,2015-01-11,C0K250
34,斜紋夜蛾,高雄市,岡山區,2015,1,2,8.3,C0V670,2015-01-11,C0V670
35,斜紋夜蛾,苗栗縣,後龍鎮,2015,1,2,6.3,C0E750,2015-01-11,C0E750
36,斜紋夜蛾,花蓮縣,新秀地區,2015,1,2,6.0,466990,2015-01-11,466990
37,斜紋夜蛾,花蓮縣,吉安鄉,2015,1,2,5.7,466990,2015-01-11,466990
38,斜紋夜蛾,台南市,官田區,2015,1,2,2.7,C0O900,2015-01-11,C0O900
39,斜紋夜蛾,台中市,龍井區,2015,1,2,7.3,467770,2015-01-11,467770
40,斜紋夜蛾,台中市,大甲區,2015,1,2,3.3,C0F930,2015-01-11,C0F930
41,斜紋夜蛾,彰化縣,福興鄉,2015,1,1,9.7,C0G640,2015-01-01,C0G640
42,斜紋夜蛾,彰化縣,田尾鄉,2015,1,1,8.3,C0G840,2015-01-01,C0G840
43,斜紋夜蛾,彰化縣,大城鄉,2015,1,1,7.7,C0G840,2015-01-01,C0G840
44,斜紋夜蛾,新竹縣,竹北市,2015,1,1,7.0,467571,2015-01-01,467571
45,斜紋夜蛾,新北市,蘆洲區,2015,1,1,0.0,C0ACA0,2015-01-01,C0ACA0
46,斜紋夜蛾,雲林縣,褒忠鄉,2015,1,1,3.7,C0K250,2015-01-01,C0K250
47,斜紋夜蛾,高雄市,岡山區,2015,1,1,8.0,C0V670,2015-01-01,C0V670
48,斜紋夜蛾,苗栗縣,後龍鎮,2015,1,1,11.0,C0E750,2015-01-01,C0E750
49,斜紋夜蛾,花蓮縣,新秀地區,2015,1,1,7.3,466990,2015-01-01,466990
50,斜紋夜蛾,花蓮縣,吉安鄉,2015,1,1,6.7,466990,2015-01-01,466990
51,斜紋夜蛾,台南市,官田區,2015,1,1,3.0,C0O900,2015-01-01,C0O900
52,斜紋夜蛾,台中市,霧峰區,2015,1,1,85.3,C1F9B1,2015-01-01,C1F9B1
53,斜紋夜蛾,台中市,龍井區,2015,1,1,20.0,467770,2015-01-01,467770
54,斜紋夜蛾,台中市,大甲區,2015,1,1,2.7,C0F930,2015-01-01,C0F930
55,斜紋夜蛾,彰化縣,福興鄉,2014,12,3,8.3,C0G640,2014-12-21,C0G640
56,斜紋夜蛾,彰化縣,田尾鄉,2014,12,3,3.3,C0G840,2014-12-21,C0G840
57,斜紋夜蛾,彰化縣,大城鄉,2014,12,3,10.7,C0G840,2014-12-21,C0G840
58,斜紋夜蛾,新竹縣,竹北市,2014,12,3,9.7,467571,2014-12-21,467571
59,斜紋夜蛾,新北市,蘆洲區,2014,12,3,15.7,C0ACA0,2014-12-21,C0ACA0
60,斜紋夜蛾,雲林縣,褒忠鄉,2014,12,3,6.3,C0K250,2014-12-21,C0K250
61,斜紋夜蛾,高雄市,岡山區,2014,12,3,5.7,C0V670,2014-12-21,C0V670
62,斜紋夜蛾,苗栗縣,後龍鎮,2014,12,3,19.7,C0E750,2014-12-21,C0E750
63,斜紋夜蛾,花蓮縣,新秀地區,2014,12,3,7.7,466990,2014-12-21,466990
64,斜紋夜蛾,花蓮縣,吉安鄉,2014,12,3,6.0,466990,2014-12-21,466990
65,斜紋夜蛾,宜蘭縣,三星地區,2014,12,3,2.7,C1U660,2014-12-21,C1U660
66,斜紋夜蛾,台南市,官田區,2014,12,3,4.0,C0O900,2014-12-21,C0O900
67,斜紋夜蛾,台中市,龍井區,2014,12,3,24.0,467770,2014-12-21,467770
68,斜紋夜蛾,台中市,大甲區,2014,12,3,6.7,C0F930,2014-12-21,C0F930
69,斜紋夜蛾,彰化縣,福興鄉,2014,12,2,0.0,C0G640,2014-12-11,C0G640
70,斜紋夜蛾,彰化縣,田尾鄉,2014,12,2,0.0,C0G840,2014-12-11,C0G840
71,斜紋夜蛾,彰化縣,大城鄉,2014,12,2,0.0,C0G840,2014-12-11,C0G840
72,斜紋夜蛾,新竹縣,竹北市,2014,12,2,0.0,467571,2014-12-11,467571
73,斜紋夜蛾,新北市,蘆洲區,2014,12,2,0.0,C0ACA0,2014-12-11,C0ACA0
74,斜紋夜蛾,雲林縣,褒忠鄉,2014,12,2,0.0,C0K250,2014-12-11,C0K250
75,斜紋夜蛾,高雄市,岡山區,2014,12,2,0.0,C0V670,2014-12-11,C0V670
76,斜紋夜蛾,苗栗縣,後龍鎮,2014,12,2,0.0,C0E750,2014-12-11,C0E750
77,斜紋夜蛾,花連縣,新秀地區,2014,12,2,0.0,466990,2014-12-11,466990
78,斜紋夜蛾,花連縣,吉安鄉,2014,12,2,0.0,466990,2014-12-11,466990
79,斜紋夜蛾,宜蘭縣,三星地區,2014,12,2,0.0,C1U660,2014-12-11,C1U660
80,斜紋夜蛾,台南市,官田區,2014,12,2,0.0,C0O900,2014-12-11,C0O900
81,斜紋夜蛾,台中市,霧峰區,2014,12,2,0.0,C1F9B1,2014-12-11,C1F9B1
82,斜紋夜蛾,台中市,龍井區,2014,12,2,0.0,467770,2014-12-11,467770
83,斜紋夜蛾,台中市,大甲區,2014,12,2,0.0,C0F930,2014-12-11,C0F930
84,斜紋夜蛾,彰化縣,福興鄉,2014,12,1,0.0,C0G640,2014-12-01,C0G640
85,斜紋夜蛾,彰化縣,田尾鄉,2014,12,1,0.0,C0G840,2014-12-01,C0G840
86,斜紋夜蛾,彰化縣,大城鄉,2014,12,1,0.0,C0G840,2014-12-01,C0G840
87,斜紋夜蛾,新竹縣,竹北市,2014,12,1,0.0,467571,2014-12-01,467571
88,斜紋夜蛾,新北市,蘆洲區,2014,12,1,0.0,C0ACA0,2014-12-01,C0ACA0
89,斜紋夜蛾,雲林縣,褒忠鄉,2014,12,1,0.0,C0K250,2014-12-01,C0K250
90,斜紋夜蛾,高雄市,岡山區,2014,12,1,0.0,C0V670,2014-12-01,C0V670
91,斜紋夜蛾,苗栗縣,後龍鎮,2014,12,1,0.0,C0E750,2014-12-01,C0E750
92,斜紋夜蛾,花連縣,新秀地區,2014,12,1,0.0,466990,2014-12-01,466990
93,斜紋夜蛾,花連縣,吉安鄉,2014,12,1,0.0,466990,2014-12-01,466990
94,斜紋夜蛾,宜蘭縣,三星地區,2014,12,1,0.0,C1U660,2014-12-01,C1U660
95,斜紋夜蛾,台南市,官田區,2014,12,1,0.0,C0O900,2014-12-01,C0O900
96,斜紋夜蛾,台中市,霧峰區,2014,12,1,0.0,C1F9B1,2014-12-01,C1F9B1
97,斜紋夜蛾,台中市,龍井區,2014,12,1,0.0,467770,2014-12-01,467770
98,斜紋夜蛾,台中市,大甲區,2014,12,1,0.0,C0F930,2014-12-01,C0F930
99,斜紋夜蛾,彰化縣,福興鄉,2014,11,3,0.0,C0G640,2014-11-21,C0G640
100,斜紋夜蛾,彰化縣,田尾鄉,2014,11,3,0.0,C0G840,2014-11-21,C0G840
101,斜紋夜蛾,彰化縣,大城鄉,2014,11,3,0.0,C0G840,2014-11-21,C0G840
102,斜紋夜蛾,新竹縣,竹北市,2014,11,3,0.0,467571,2014-11-21,467571
103,斜紋夜蛾,新北市,蘆洲區,2014,11,3,0.0,C0ACA0,2014-11-21,C0ACA0
104,斜紋夜蛾,雲林縣,褒忠鄉,2014,11,3,0.0,C0K250,2014-11-21,C0K250
105,斜紋夜蛾,高雄市,岡山區,2014,11,3,0.0,C0V670,2014-11-21,C0V670
106,斜紋夜蛾,苗栗縣,後龍鎮,2014,11,3,0.0,C0E750,2014-11-21,C0E750
107,斜紋夜蛾,花連縣,新秀地區,2014,11,3,0.0,466990,2014-11-21,466990
108,斜紋夜蛾,花連縣,吉安鄉,2014,11,3,0.0,466990,2014-11-21,466990
109,斜紋夜蛾,宜蘭縣,三星地區,2014,11,3,0.0,C1U660,2014-11-21,C1U660
110,斜紋夜蛾,台南市,官田區,2014,11,3,0.0,C0O900,2014-11-21,C0O900
111,斜紋夜蛾,台中市,龍井區,2014,11,3,0.0,467770,2014-11-21,467770
112,斜紋夜蛾,台中市,大甲區,2014,11,3,0.0,C0F930,2014-11-21,C0F930
113,斜紋夜蛾,彰化縣,福興鄉,2014,11,2,45.0,C0G640,2014-11-11,C0G640
114,斜紋夜蛾,彰化縣,田尾鄉,2014,11,2,5.0,C0G840,2014-11-11,C0G840
115,斜紋夜蛾,彰化縣,大城鄉,2014,11,2,22.0,C0G840,2014-11-11,C0G840
116,斜紋夜蛾,新竹縣,竹北市,2014,11,2,9.3,467571,2014-11-11,467571
117,斜紋夜蛾,新北市,蘆洲區,2014,11,2,16.0,C0ACA0,2014-11-11,C0ACA0
118,斜紋夜蛾,雲林縣,褒忠鄉,2014,11,2,134.3,C0K250,2014-11-11,C0K250
119,斜紋夜蛾,高雄市,岡山區,2014,11,2,5.0,C0V670,2014-11-11,C0V670
120,斜紋夜蛾,苗栗縣,後龍鎮,2014,11,2,20.3,C0E750,2014-11-11,C0E750
121,斜紋夜蛾,花連縣,新秀地區,2014,11,2,14.0,466990,2014-11-11,466990
122,斜紋夜蛾,花連縣,吉安鄉,2014,11,2,6.0,466990,2014-11-11,466990
123,斜紋夜蛾,宜蘭縣,三星地區,2014,11,2,5.7,C1U660,2014-11-11,C1U660
124,斜紋夜蛾,台南市,官田區,2014,11,2,1.3,C0O900,2014-11-11,C0O900
125,斜紋夜蛾,台中市,霧峰區,2014,11,2,70.0,C1F9B1,2014-11-11,C1F9B1
126,斜紋夜蛾,台中市,龍井區,2014,11,2,22.0,467770,2014-11-11,467770
127,斜紋夜蛾,台中市,大甲區,2014,11,2,0.7,C0F930,2014-11-11,C0F930
128,斜紋夜蛾,彰化縣,福興鄉,2014,11,1,38.3,C0G640,2014-11-01,C0G640
129,斜紋夜蛾,彰化縣,田尾鄉,2014,11,1,11.7,C0G840,2014-11-01,C0G840
130,斜紋夜蛾,彰化縣,大城鄉,2014,11,1,24.3,C0G840,2014-11-01,C0G840
131,斜紋夜蛾,新竹縣,竹北市,2014,11,1,10.7,467571,2014-11-01,467571
132,斜紋夜蛾,新北市,蘆洲區,2014,11,1,34.3,C0ACA0,2014-11-01,C0ACA0
133,斜紋夜蛾,雲林縣,褒忠鄉,2014,11,1,165.0,C0K250,2014-11-01,C0K250
134,斜紋夜蛾,高雄市,岡山區,2014,11,1,7.0,C0V670,2014-11-01,C0V670
135,斜紋夜蛾,苗栗縣,後龍鎮,2014,11,1,20.0,C0E750,2014-11-01,C0E750
136,斜紋夜蛾,花連縣,新秀地區,2014,11,1,17.0,466990,2014-11-01,466990
137,斜紋夜蛾,花連縣,吉安鄉,2014,11,1,7.0,466990,2014-11-01,466990
138,斜紋夜蛾,宜蘭縣,三星地區,2014,11,1,8.3,C1U660,2014-11-01,C1U660
139,斜紋夜蛾,台南市,官田區,2014,11,1,1.0,C0O900,2014-11-01,C0O900
140,斜紋夜蛾,台中市,霧峰區,2014,11,1,81.3,C1F9B1,2014-11-01,C1F9B1
141,斜紋夜蛾,台中市,龍井區,2014,11,1,57.3,467770,2014-11-01,467770
142,斜紋夜蛾,台中市,大甲區,2014,11,1,0.7,C0F930,2014-11-01,C0F930
143,斜紋夜蛾,彰化縣,福興鄉,2014,10,3,6.7,C0G640,2014-10-21,C0G640
144,斜紋夜蛾,彰化縣,田尾鄉,2014,10,3,11.7,C0G840,2014-10-21,C0G840
145,斜紋夜蛾,彰化縣,大城鄉,2014,10,3,45.7,C0G840,2014-10-21,C0G840
146,斜紋夜蛾,新竹縣,竹北市,2014,10,3,10.0,467571,2014-10-21,467571
147,斜紋夜蛾,新北市,蘆洲區,2014,10,3,22.3,C0ACA0,2014-10-21,C0ACA0
148,斜紋夜蛾,雲林縣,褒忠鄉,2014,10,3,73.3,C0K250,2014-10-21,C0K250
149,斜紋夜蛾,高雄市,岡山區,2014,10,3,5.3,C0V670,2014-10-21,C0V670
150,斜紋夜蛾,苗栗縣,後龍鎮,2014,10,3,11.0,C0E750,2014-10-21,C0E750
151,斜紋夜蛾,花連縣,新秀地區,2014,10,3,16.3,466990,2014-10-21,466990
152,斜紋夜蛾,花連縣,吉安鄉,2014,10,3,6.3,466990,2014-10-21,466990
153,斜紋夜蛾,宜蘭縣,三星地區,2014,10,3,11.3,C1U660,2014-10-21,C1U660
154,斜紋夜蛾,台南市,官田區,2014,10,3,10.7,C0O900,2014-10-21,C0O900
155,斜紋夜蛾,台中市,龍井區,2014,10,3,15.0,467770,2014-10-21,467770
156,斜紋夜蛾,台中市,大甲區,2014,10,3,1.7,C0F930,2014-10-21,C0F930
157,斜紋夜蛾,彰化縣,福興鄉,2014,10,2,13.7,C0G640,2014-10-11,C0G640
158,斜紋夜蛾,彰化縣,田尾鄉,2014,10,2,13.3,C0G840,2014-10-11,C0G840
159,斜紋夜蛾,彰化縣,大城鄉,2014,10,2,68.3,C0G840,2014-10-11,C0G840
160,斜紋夜蛾,新竹縣,竹北市,2014,10,2,12.7,467571,2014-10-11,467571
161,斜紋夜蛾,新北市,蘆洲區,2014,10,2,59.7,C0ACA0,2014-10-11,C0ACA0
162,斜紋夜蛾,雲林縣,褒忠鄉,2014,10,2,40.3,C0K250,2014-10-11,C0K250
163,斜紋夜蛾,高雄市,岡山區,2014,10,2,4.3,C0V670,2014-10-11,C0V670
164,斜紋夜蛾,苗栗縣,後龍鎮,2014,10,2,13.3,C0E750,2014-10-11,C0E750
165,斜紋夜蛾,花蓮縣,吉安鄉,2014,10,2,7.3,466990,2014-10-11,466990
166,斜紋夜蛾,宜蘭縣,三星地區,2014,10,2,9.3,C1U660,2014-10-11,C1U660
167,斜紋夜蛾,台南市,官田區,2014,10,2,10.7,C0O900,2014-10-11,C0O900
168,斜紋夜蛾,台中市,霧峰區,2014,10,2,71.7,C1F9B1,2014-10-11,C1F9B1
169,斜紋夜蛾,台中市,龍井區,2014,10,2,14.0,467770,2014-10-11,467770
170,斜紋夜蛾,台中市,大甲區,2014,10,2,2.0,C0F930,2014-10-11,C0F930
171,斜紋夜蛾,彰化縣,福興鄉,2014,10,1,28.0,C0G640,2014-10-01,C0G640
172,斜紋夜蛾,彰化縣,田尾鄉,2014,10,1,13.3,C0G840,2014-10-01,C0G840
173,斜紋夜蛾,彰化縣,大城鄉,2014,10,1,350.0,C0G840,2014-10-01,C0G840
174,斜紋夜蛾,新竹縣,竹北市,2014,10,1,17.3,467571,2014-10-01,467571
175,斜紋夜蛾,新北市,蘆洲區,2014,10,1,36.3,C0ACA0,2014-10-01,C0ACA0
176,斜紋夜蛾,雲林縣,褒忠鄉,2014,10,1,28.3,C0K250,2014-10-01,C0K250
177,斜紋夜蛾,高雄市,岡山區,2014,10,1,3.0,C0V670,2014-10-01,C0V670
178,斜紋夜蛾,苗栗縣,後龍鎮,2014,10,1,18.3,C0E750,2014-10-01,C0E750
179,斜紋夜蛾,花蓮縣,吉安鄉,2014,10,1,8.7,466990,2014-10-01,466990
180,斜紋夜蛾,宜蘭縣,三星地區,2014,10,1,9.3,C1U660,2014-10-01,C1U660
181,斜紋夜蛾,台南市,官田區,2014,10,1,2.7,C0O900,2014-10-01,C0O900
182,斜紋夜蛾,台中市,龍井區,2014,10,1,12.7,467770,2014-10-01,467770
183,斜紋夜蛾,台中市,大甲區,2014,10,1,0.7,C0F930,2014-10-01,C0F930
184,斜紋夜蛾,彰化縣,福興鄉,2014,9,3,22.3,C0G640,2014-09-21,C0G640
185,斜紋夜蛾,彰化縣,田尾鄉,2014,9,3,13.3,C0G840,2014-09-21,C0G840
186,斜紋夜蛾,彰化縣,大城鄉,2014,9,3,54.3,C0G840,2014-09-21,C0G840
187,斜紋夜蛾,新竹縣,竹北市,2014,9,3,16.3,467571,2014-09-21,467571
188,斜紋夜蛾,新北市,蘆洲區,2014,9,3,119.3,C0ACA0,2014-09-21,C0ACA0
189,斜紋夜蛾,高雄市,岡山區,2014,9,3,4.3,C0V670,2014-09-21,C0V670
190,斜紋夜蛾,苗栗縣,後龍鎮,2014,9,3,18.3,C0E750,2014-09-21,C0E750
191,斜紋夜蛾,金門縣,金門,2014,9,3,24.5,467110,2014-09-21,467110
192,斜紋夜蛾,花蓮縣,吉安鄉,2014,9,3,8.7,466990,2014-09-21,466990
193,斜紋夜蛾,宜蘭縣,三星地區,2014,9,3,15.0,C1U660,2014-09-21,C1U660
194,斜紋夜蛾,台南市,官田區,2014,9,3,2.7,C0O900,2014-09-21,C0O900
195,斜紋夜蛾,台中市,霧峰區,2014,9,3,64.0,C1F9B1,2014-09-21,C1F9B1
196,斜紋夜蛾,台中市,龍井區,2014,9,3,14.7,467770,2014-09-21,467770
197,斜紋夜蛾,台中市,大甲區,2014,9,3,1.3,C0F930,2014-09-21,C0F930
198,斜紋夜蛾,彰化縣,福興鄉,2014,9,2,68.3,C0G640,2014-09-11,C0G640
199,斜紋夜蛾,彰化縣,田尾鄉,2014,9,2,11.7,C0G840,2014-09-11,C0G840
200,斜紋夜蛾,彰化縣,大城鄉,2014,9,2,44.3,C0G840,2014-09-11,C0G840
201,斜紋夜蛾,新竹縣,竹北市,2014,9,2,11.7,467571,2014-09-11,467571
202,斜紋夜蛾,新北市,蘆洲區,2014,9,2,27.7,C0ACA0,2014-09-11,C0ACA0
203,斜紋夜蛾,高雄市,岡山區,2014,9,2,8.3,C0V670,2014-09-11,C0V670
204,斜紋夜蛾,苗栗縣,後龍鎮,2014,9,2,21.0,C0E750,2014-09-11,C0E750
205,斜紋夜蛾,花蓮縣,新秀地區,2014,9,2,22.3,466990,2014-09-11,466990
206,斜紋夜蛾,花蓮縣,吉安鄉,2014,9,2,8.3,466990,2014-09-11,466990
207,斜紋夜蛾,宜蘭縣,三星地區,2014,9,2,25.3,C1U660,2014-09-11,C1U660
208,斜紋夜蛾,台南市,官田區,2014,9,2,2.7,C0O900,2014-09-11,C0O900
209,斜紋夜蛾,台中市,霧峰區,2014,9,2,70.0,C1F9B1,2014-09-11,C1F9B1
210,斜紋夜蛾,台中市,龍井區,2014,9,2,53.7,467770,2014-09-11,467770
211,斜紋夜蛾,台中市,大甲區,2014,9,2,0.7,C0F930,2014-09-11,C0F930
212,斜紋夜蛾,彰化縣,福興鄉,2014,9,1,34.7,C0G640,2014-09-01,C0G640
213,斜紋夜蛾,彰化縣,田尾鄉,2014,9,1,5.0,C0G840,2014-09-01,C0G840
214,斜紋夜蛾,彰化縣,大城鄉,2014,9,1,24.0,C0G840,2014-09-01,C0G840
215,斜紋夜蛾,新竹縣,竹北市,2014,9,1,16.7,467571,2014-09-01,467571
216,斜紋夜蛾,新北市,蘆洲區,2014,9,1,126.7,C0ACA0,2014-09-01,C0ACA0
217,斜紋夜蛾,雲林縣,褒忠鄉,2014,9,1,49.7,C0K250,2014-09-01,C0K250
218,斜紋夜蛾,高雄市,岡山區,2014,9,1,6.0,C0V670,2014-09-01,C0V670
219,斜紋夜蛾,苗栗縣,後龍鎮,2014,9,1,23.0,C0E750,2014-09-01,C0E750
220,斜紋夜蛾,花蓮縣,新秀地區,2014,9,1,27.3,466990,2014-09-01,466990
221,斜紋夜蛾,花蓮縣,吉安鄉,2014,9,1,9.3,466990,2014-09-01,466990
222,斜紋夜蛾,宜蘭縣,三星地區,2014,9,1,11.3,C1U660,2014-09-01,C1U660
223,斜紋夜蛾,台南市,官田區,2014,9,1,4.3,C0O900,2014-09-01,C0O900
224,斜紋夜蛾,台中市,霧峰區,2014,9,1,50.7,C1F9B1,2014-09-01,C1F9B1
225,斜紋夜蛾,台中市,龍井區,2014,9,1,60.7,467770,2014-09-01,467770
226,斜紋夜蛾,台中市,大甲區,2014,9,1,0.0,C0F930,2014-09-01,C0F930
227,斜紋夜蛾,彰化縣,福興鄉,2014,8,3,13.3,C0G640,2014-08-21,C0G640
228,斜紋夜蛾,彰化縣,田尾鄉,2014,8,3,15.0,C0G840,2014-08-21,C0G840
229,斜紋夜蛾,彰化縣,大城鄉,2014,8,3,21.3,C0G840,2014-08-21,C0G840
230,斜紋夜蛾,新竹縣,竹北市,2014,8,3,17.7,467571,2014-08-21,467571
231,斜紋夜蛾,新北市,蘆洲區,2014,8,3,26.7,C0ACA0,2014-08-21,C0ACA0
232,斜紋夜蛾,雲林縣,褒忠鄉,2014,8,3,46.0,C0K250,2014-08-21,C0K250
233,斜紋夜蛾,高雄市,岡山區,2014,8,3,3.3,C0V670,2014-08-21,C0V670
234,斜紋夜蛾,苗栗縣,後龍鎮,2014,8,3,22.0,C0E750,2014-08-21,C0E750
235,斜紋夜蛾,花蓮縣,新秀地區,2014,8,3,30.3,466990,2014-08-21,466990
236,斜紋夜蛾,花蓮縣,吉安鄉,2014,8,3,9.0,466990,2014-08-21,466990
237,斜紋夜蛾,宜蘭縣,三星地區,2014,8,3,16.7,C1U660,2014-08-21,C1U660
238,斜紋夜蛾,台南市,官田區,2014,8,3,4.7,C0O900,2014-08-21,C0O900
239,斜紋夜蛾,台中市,霧峰區,2014,8,3,67.7,C1F9B1,2014-08-21,C1F9B1
240,斜紋夜蛾,台中市,龍井區,2014,8,3,54.7,467770,2014-08-21,467770
241,斜紋夜蛾,台中市,大甲區,2014,8,3,0.3,C0F930,2014-08-21,C0F930
242,斜紋夜蛾,彰化縣,福興鄉,2014,8,2,15.0,C0G640,2014-08-11,C0G640
243,斜紋夜蛾,彰化縣,田尾鄉,2014,8,2,11.7,C0G840,2014-08-11,C0G840
244,斜紋夜蛾,彰化縣,大城鄉,2014,8,2,18.3,C0G840,2014-08-11,C0G840
245,斜紋夜蛾,新竹縣,竹北市,2014,8,2,0.0,467571,2014-08-11,467571
246,斜紋夜蛾,新北市,蘆洲區,2014,8,2,0.0,C0ACA0,2014-08-11,C0ACA0
247,斜紋夜蛾,雲林縣,褒忠鄉,2014,8,2,58.3,C0K250,2014-08-11,C0K250
248,斜紋夜蛾,高雄市,岡山區,2014,8,2,2.0,C0V670,2014-08-11,C0V670
249,斜紋夜蛾,苗栗縣,後龍鎮,2014,8,2,0.0,C0E750,2014-08-11,C0E750
250,斜紋夜蛾,花蓮縣,新秀地區,2014,8,2,32.0,466990,2014-08-11,466990
251,斜紋夜蛾,花蓮縣,吉安鄉,2014,8,2,9.7,466990,2014-08-11,466990
252,斜紋夜蛾,宜蘭縣,三星地區,2014,8,2,0.0,C1U660,2014-08-11,C1U660
253,斜紋夜蛾,台南市,官田區,2014,8,2,6.3,C0O900,2014-08-11,C0O900
254,斜紋夜蛾,台中市,霧峰區,2014,8,2,0.0,C1F9B1,2014-08-11,C1F9B1
255,斜紋夜蛾,台中市,龍井區,2014,8,2,0.0,467770,2014-08-11,467770
256,斜紋夜蛾,台中市,大甲區,2014,8,2,0.0,C0F930,2014-08-11,C0F930
257,斜紋夜蛾,彰化縣,福興鄉,2014,8,1,12.3,C0G640,2014-08-01,C0G640
258,斜紋夜蛾,彰化縣,田尾鄉,2014,8,1,5.0,C0G840,2014-08-01,C0G840
259,斜紋夜蛾,彰化縣,大城鄉,2014,8,1,36.3,C0G840,2014-08-01,C0G840
260,斜紋夜蛾,新竹縣,竹北市,2014,8,1,14.3,467571,2014-08-01,467571
261,斜紋夜蛾,新北市,蘆洲區,2014,8,1,19.0,C0ACA0,2014-08-01,C0ACA0
262,斜紋夜蛾,雲林縣,褒忠鄉,2014,8,1,50.0,C0K250,2014-08-01,C0K250
263,斜紋夜蛾,高雄市,岡山區,2014,8,1,4.0,C0V670,2014-08-01,C0V670
264,斜紋夜蛾,苗栗縣,後龍鎮,2014,8,1,20.7,C0E750,2014-08-01,C0E750
265,斜紋夜蛾,花蓮縣,新秀地區,2014,8,1,36.0,466990,2014-08-01,466990
266,斜紋夜蛾,花蓮縣,吉安鄉,2014,8,1,10.7,466990,2014-08-01,466990
267,斜紋夜蛾,宜蘭縣,三星地區,2014,8,1,27.7,C1U660,2014-08-01,C1U660
268,斜紋夜蛾,台南市,官田區,2014,8,1,26.0,C0O900,2014-08-01,C0O900
269,斜紋夜蛾,台中市,霧峰區,2014,8,1,67.0,C1F9B1,2014-08-01,C1F9B1
270,斜紋夜蛾,台中市,龍井區,2014,8,1,64.7,467770,2014-08-01,467770
271,斜紋夜蛾,台中市,大甲區,2014,8,1,1.0,C0F930,2014-08-01,C0F930
272,斜紋夜蛾,彰化縣,福興鄉,2014,7,3,22.0,C0G640,2014-07-21,C0G640
273,斜紋夜蛾,彰化縣,田尾鄉,2014,7,3,8.3,C0G840,2014-07-21,C0G840
274,斜紋夜蛾,彰化縣,大城鄉,2014,7,3,20.3,C0G840,2014-07-21,C0G840
275,斜紋夜蛾,新竹縣,竹北市,2014,7,3,15.3,467571,2014-07-21,467571
276,斜紋夜蛾,新北市,蘆洲區,2014,7,3,28.0,C0ACA0,2014-07-21,C0ACA0
277,斜紋夜蛾,雲林縣,褒忠鄉,2014,7,3,9.0,C0K250,2014-07-21,C0K250
278,斜紋夜蛾,高雄市,岡山區,2014,7,3,5.0,C0V670,2014-07-21,C0V670
279,斜紋夜蛾,苗栗縣,後龍鎮,2014,7,3,19.3,C0E750,2014-07-21,C0E750
280,斜紋夜蛾,花蓮縣,新秀地區,2014,7,3,46.3,466990,2014-07-21,466990
281,斜紋夜蛾,花蓮縣,吉安鄉,2014,7,3,9.0,466990,2014-07-21,466990
282,斜紋夜蛾,宜蘭縣,三星地區,2014,7,3,44.0,C1U660,2014-07-21,C1U660
283,斜紋夜蛾,台南市,官田區,2014,7,3,13.0,C0O900,2014-07-21,C0O900
284,斜紋夜蛾,台中市,霧峰區,2014,7,3,61.7,C1F9B1,2014-07-21,C1F9B1
285,斜紋夜蛾,台中市,龍井區,2014,7,3,11.0,467770,2014-07-21,467770
286,斜紋夜蛾,台中市,大甲區,2014,7,3,0.3,C0F930,2014-07-21,C0F930
287,斜紋夜蛾,彰化縣,福興鄉,2014,7,2,19.3,C0G640,2014-07-11,C0G640
288,斜紋夜蛾,彰化縣,田尾鄉,2014,7,2,8.3,C0G840,2014-07-11,C0G840
289,斜紋夜蛾,彰化縣,大城鄉,2014,7,2,71.7,C0G840,2014-07-11,C0G840
290,斜紋夜蛾,新竹縣,竹北市,2014,7,2,11.3,467571,2014-07-11,467571
291,斜紋夜蛾,新北市,蘆洲區,2014,7,2,30.0,C0ACA0,2014-07-11,C0ACA0
292,斜紋夜蛾,雲林縣,褒忠鄉,2014,7,2,1.0,C0K250,2014-07-11,C0K250
293,斜紋夜蛾,高雄市,岡山區,2014,7,2,5.3,C0V670,2014-07-11,C0V670
294,斜紋夜蛾,苗栗縣,後龍鎮,2014,7,2,39.3,C0E750,2014-07-11,C0E750
295,斜紋夜蛾,花蓮縣,新秀地區,2014,7,2,45.7,466990,2014-07-11,466990
296,斜紋夜蛾,花蓮縣,吉安鄉,2014,7,2,8.3,466990,2014-07-11,466990
297,斜紋夜蛾,宜蘭縣,三星地區,2014,7,2,41.3,C1U660,2014-07-11,C1U660
298,斜紋夜蛾,台南市,官田區,2014,7,2,28.0,C0O900,2014-07-11,C0O900
299,斜紋夜蛾,台中市,霧峰區,2014,7,2,52.3,C1F9B1,2014-07-11,C1F9B1
300,斜紋夜蛾,台中市,龍井區,2014,7,2,208.0,467770,2014-07-11,467770
301,斜紋夜蛾,台中市,大甲區,2014,7,2,0.7,C0F930,2014-07-11,C0F930
302,斜紋夜蛾,彰化縣,福興鄉,2014,7,1,17.0,C0G640,2014-07-01,C0G640
303,斜紋夜蛾,彰化縣,田尾鄉,2014,7,1,10.0,C0G840,2014-07-01,C0G840
304,斜紋夜蛾,彰化縣,大城鄉,2014,7,1,50.0,C0G840,2014-07-01,C0G840
305,斜紋夜蛾,新竹縣,竹北市,2014,7,1,18.0,467571,2014-07-01,467571
306,斜紋夜蛾,新北市,蘆洲區,2014,7,1,21.7,C0ACA0,2014-07-01,C0ACA0
307,斜紋夜蛾,雲林縣,褒忠鄉,2014,7,1,1.7,C0K250,2014-07-01,C0K250
308,斜紋夜蛾,高雄市,岡山區,2014,7,1,6.7,C0V670,2014-07-01,C0V670
309,斜紋夜蛾,苗栗縣,後龍鎮,2014,7,1,39.7,C0E750,2014-07-01,C0E750
310,斜紋夜蛾,花蓮縣,新秀地區,2014,7,1,48.7,466990,2014-07-01,466990
311,斜紋夜蛾,花蓮縣,吉安鄉,2014,7,1,7.7,466990,2014-07-01,466990
312,斜紋夜蛾,宜蘭縣,三星地區,2014,7,1,40.7,C1U660,2014-07-01,C1U660
313,斜紋夜蛾,台南市,官田區,2014,7,1,158.7,C0O900,2014-07-01,C0O900
314,斜紋夜蛾,台中市,霧峰區,2014,7,1,41.3,C1F9B1,2014-07-01,C1F9B1
315,斜紋夜蛾,台中市,龍井區,2014,7,1,460.0,467770,2014-07-01,467770
316,斜紋夜蛾,台中市,大甲區,2014,7,1,0.3,C0F930,2014-07-01,C0F930
317,斜紋夜蛾,彰化縣,福興鄉,2014,6,3,0.0,C0G640,2014-06-21,C0G640
318,斜紋夜蛾,彰化縣,田尾鄉,2014,6,3,0.0,C0G840,2014-06-21,C0G840
319,斜紋夜蛾,彰化縣,大城鄉,2014,6,3,0.0,C0G840,2014-06-21,C0G840
320,斜紋夜蛾,新竹縣,竹北市,2014,6,3,0.0,467571,2014-06-21,467571
321,斜紋夜蛾,新北市,蘆洲區,2014,6,3,0.0,C0ACA0,2014-06-21,C0ACA0
322,斜紋夜蛾,雲林縣,褒忠鄉,2014,6,3,0.0,C0K250,2014-06-21,C0K250
323,斜紋夜蛾,高雄市,岡山區,2014,6,3,0.0,C0V670,2014-06-21,C0V670
324,斜紋夜蛾,苗栗縣,後龍鎮,2014,6,3,0.0,C0E750,2014-06-21,C0E750
325,斜紋夜蛾,花蓮縣,新秀地區,2014,6,3,0.0,466990,2014-06-21,466990
326,斜紋夜蛾,花蓮縣,吉安鄉,2014,6,3,0.0,466990,2014-06-21,466990
327,斜紋夜蛾,宜蘭縣,三星地區,2014,6,3,0.0,C1U660,2014-06-21,C1U660
328,斜紋夜蛾,台南市,官田區,2014,6,3,0.0,C0O900,2014-06-21,C0O900
329,斜紋夜蛾,台中市,霧峰區,2014,6,3,0.0,C1F9B1,2014-06-21,C1F9B1
330,斜紋夜蛾,台中市,龍井區,2014,6,3,0.0,467770,2014-06-21,467770
331,斜紋夜蛾,台中市,大甲區,2014,6,3,0.0,C0F930,2014-06-21,C0F930
332,斜紋夜蛾,彰化縣,福興鄉,2014,6,2,0.0,C0G640,2014-06-11,C0G640
333,斜紋夜蛾,彰化縣,大城鄉,2014,6,2,0.0,C0G840,2014-06-11,C0G840
334,斜紋夜蛾,新竹縣,竹北市,2014,6,2,0.0,467571,2014-06-11,467571
335,斜紋夜蛾,新北市,蘆洲區,2014,6,2,0.0,C0ACA0,2014-06-11,C0ACA0
336,斜紋夜蛾,雲林縣,褒忠鄉,2014,6,2,0.0,C0K250,2014-06-11,C0K250
337,斜紋夜蛾,高雄市,岡山區,2014,6,2,0.0,C0V670,2014-06-11,C0V670
338,斜紋夜蛾,苗栗縣,後龍鎮,2014,6,2,0.0,C0E750,2014-06-11,C0E750
339,斜紋夜蛾,花蓮縣,新秀地區,2014,6,2,0.0,466990,2014-06-11,466990
340,斜紋夜蛾,花蓮縣,吉安鄉,2014,6,2,0.0,466990,2014-06-11,466990
341,斜紋夜蛾,宜蘭縣,三星地區,2014,6,2,0.0,C1U660,2014-06-11,C1U660
342,斜紋夜蛾,台南市,官田區,2014,6,2,0.0,C0O900,2014-06-11,C0O900
343,斜紋夜蛾,台中市,霧峰區,2014,6,2,0.0,C1F9B1,2014-06-11,C1F9B1
344,斜紋夜蛾,台中市,龍井區,2014,6,2,0.0,467770,2014-06-11,467770
345,斜紋夜蛾,台中市,大甲區,2014,6,2,0.0,C0F930,2014-06-11,C0F930
346,斜紋夜蛾,彰化縣,福興鄉,2014,6,1,24.7,C0G640,2014-06-01,C0G640
347,斜紋夜蛾,彰化縣,大城鄉,2014,6,1,102.7,C0G840,2014-06-01,C0G840
348,斜紋夜蛾,新竹縣,竹北市,2014,6,1,11.3,467571,2014-06-01,467571
349,斜紋夜蛾,新北市,蘆洲區,2014,6,1,11.3,C0ACA0,2014-06-01,C0ACA0
350,斜紋夜蛾,雲林縣,褒忠鄉,2014,6,1,11.3,C0K250,2014-06-01,C0K250
351,斜紋夜蛾,高雄市,岡山區,2014,6,1,6.0,C0V670,2014-06-01,C0V670
352,斜紋夜蛾,苗栗縣,後龍鎮,2014,6,1,30.7,C0E750,2014-06-01,C0E750
353,斜紋夜蛾,花蓮縣,新秀地區,2014,6,1,44.3,466990,2014-06-01,466990
354,斜紋夜蛾,花蓮縣,吉安鄉,2014,6,1,5.7,466990,2014-06-01,466990
355,斜紋夜蛾,宜蘭縣,三星地區,2014,6,1,16.3,C1U660,2014-06-01,C1U660
356,斜紋夜蛾,台南市,官田區,2014,6,1,111.3,C0O900,2014-06-01,C0O900
357,斜紋夜蛾,台中市,霧峰區,2014,6,1,27.3,C1F9B1,2014-06-01,C1F9B1
358,斜紋夜蛾,台中市,龍井區,2014,6,1,320.0,467770,2014-06-01,467770
359,斜紋夜蛾,台中市,大甲區,2014,6,1,0.7,C0F930,2014-06-01,C0F930
360,斜紋夜蛾,彰化縣,福興鄉,2014,5,3,0.0,C0G640,2014-05-21,C0G640
361,斜紋夜蛾,彰化縣,田尾鄉,2014,5,3,0.0,C0G840,2014-05-21,C0G840
362,斜紋夜蛾,彰化縣,大城鄉,2014,5,3,0.0,C0G840,2014-05-21,C0G840
363,斜紋夜蛾,新竹縣,竹北市,2014,5,3,0.0,467571,2014-05-21,467571
364,斜紋夜蛾,新北市,蘆洲區,2014,5,3,0.0,C0ACA0,2014-05-21,C0ACA0
365,斜紋夜蛾,雲林縣,褒忠鄉,2014,5,3,0.0,C0K250,2014-05-21,C0K250
366,斜紋夜蛾,高雄市,岡山區,2014,5,3,0.0,C0V670,2014-05-21,C0V670
367,斜紋夜蛾,苗栗縣,後龍鎮,2014,5,3,0.0,C0E750,2014-05-21,C0E750
368,斜紋夜蛾,花蓮縣,新秀地區,2014,5,3,0.0,466990,2014-05-21,466990
369,斜紋夜蛾,花蓮縣,吉安鄉,2014,5,3,0.0,466990,2014-05-21,466990
370,斜紋夜蛾,宜蘭縣,三星地區,2014,5,3,0.0,C1U660,2014-05-21,C1U660
371,斜紋夜蛾,台南市,官田區,2014,5,3,0.0,C0O900,2014-05-21,C0O900
372,斜紋夜蛾,台中市,霧峰區,2014,5,3,0.0,C1F9B1,2014-05-21,C1F9B1
373,斜紋夜蛾,台中市,龍井區,2014,5,3,0.0,467770,2014-05-21,467770
374,斜紋夜蛾,台中市,大甲區,2014,5,3,0.0,C0F930,2014-05-21,C0F930
375,斜紋夜蛾,彰化縣,福興鄉,2014,5,2,17.67,C0G640,2014-05-11,C0G640
376,斜紋夜蛾,彰化縣,田尾鄉,2014,5,2,10.0,C0G840,2014-05-11,C0G840
377,斜紋夜蛾,彰化縣,大城鄉,2014,5,2,21.0,C0G840,2014-05-11,C0G840
378,斜紋夜蛾,新竹縣,竹北市,2014,5,2,7.33,467571,2014-05-11,467571
379,斜紋夜蛾,新北市,蘆洲區,2014,5,2,5.33,C0ACA0,2014-05-11,C0ACA0
380,斜紋夜蛾,雲林縣,褒忠鄉,2014,5,2,12.0,C0K250,2014-05-11,C0K250
381,斜紋夜蛾,高雄市,岡山區,2014,5,2,3.67,C0V670,2014-05-11,C0V670
382,斜紋夜蛾,苗栗縣,後龍鎮,2014,5,2,15.33,C0E750,2014-05-11,C0E750
383,斜紋夜蛾,花蓮縣,新秀地區,2014,5,2,41.6666666666667,466990,2014-05-11,466990
384,斜紋夜蛾,花蓮縣,吉安鄉,2014,5,2,5.33333333333333,466990,2014-05-11,466990
385,斜紋夜蛾,宜蘭縣,三星地區,2014,5,2,6.0,C1U660,2014-05-11,C1U660
386,斜紋夜蛾,台南市,官田區,2014,5,2,193.0,C0O900,2014-05-11,C0O900
387,斜紋夜蛾,台中市,霧峰區,2014,5,2,51.67,C1F9B1,2014-05-11,C1F9B1
388,斜紋夜蛾,台中市,大甲區,2014,5,2,1.67,C0F930,2014-05-11,C0F930
389,斜紋夜蛾,彰化縣,福興鄉,2014,5,1,2.67,C0G640,2014-05-01,C0G640
390,斜紋夜蛾,彰化縣,田尾鄉,2014,5,1,15.0,C0G840,2014-05-01,C0G840
391,斜紋夜蛾,彰化縣,大城鄉,2014,5,1,33.33,C0G840,2014-05-01,C0G840
392,斜紋夜蛾,新竹縣,竹北市,2014,5,1,5.67,467571,2014-05-01,467571
393,斜紋夜蛾,新北市,蘆洲區,2014,5,1,12.0,C0ACA0,2014-05-01,C0ACA0
394,斜紋夜蛾,雲林縣,褒忠鄉,2014,5,1,9.33,C0K250,2014-05-01,C0K250
395,斜紋夜蛾,高雄市,岡山區,2014,5,1,4.33,C0V670,2014-05-01,C0V670
396,斜紋夜蛾,苗栗縣,後龍鎮,2014,5,1,9.0,C0E750,2014-05-01,C0E750
397,斜紋夜蛾,花蓮縣,新秀地區,2014,5,1,37.6666666666667,466990,2014-05-01,466990
398,斜紋夜蛾,花蓮縣,吉安鄉,2014,5,1,6.66666666666667,466990,2014-05-01,466990
399,斜紋夜蛾,宜蘭縣,三星地區,2014,5,1,5.33,C1U660,2014-05-01,C1U660
400,斜紋夜蛾,台南市,官田區,2014,5,1,17.33,C0O900,2014-05-01,C0O900
401,斜紋夜蛾,台中市,龍井區,2014,5,1,180.67,467770,2014-05-01,467770
402,斜紋夜蛾,台中市,大甲區,2014,5,1,1.0,C0F930,2014-05-01,C0F930
403,斜紋夜蛾,彰化縣,福興鄉,2014,4,3,5.0,C0G640,2014-04-21,C0G640
404,斜紋夜蛾,彰化縣,田尾鄉,2014,4,3,13.33,C0G840,2014-04-21,C0G840
405,斜紋夜蛾,彰化縣,大城鄉,2014,4,3,29.67,C0G840,2014-04-21,C0G840
406,斜紋夜蛾,新竹縣,竹北市,2014,4,3,5.67,467571,2014-04-21,467571
407,斜紋夜蛾,新北市,蘆洲區,2014,4,3,3.0,C0ACA0,2014-04-21,C0ACA0
408,斜紋夜蛾,雲林縣,褒忠鄉,2014,4,3,7.33,C0K250,2014-04-21,C0K250
409,斜紋夜蛾,高雄市,岡山區,2014,4,3,3.67,C0V670,2014-04-21,C0V670
410,斜紋夜蛾,苗栗縣,後龍鎮,2014,4,3,8.0,C0E750,2014-04-21,C0E750
411,斜紋夜蛾,宜蘭縣,三星地區,2014,4,3,8.67,C1U660,2014-04-21,C1U660
412,斜紋夜蛾,台南市,官田區,2014,4,3,2.0,C0O900,2014-04-21,C0O900
413,斜紋夜蛾,台中市,霧峰區,2014,4,3,69.0,C1F9B1,2014-04-21,C1F9B1
414,斜紋夜蛾,台中市,龍井區,2014,4,3,9.0,467770,2014-04-21,467770
415,斜紋夜蛾,台中市,大甲區,2014,4,3,0.33,C0F930,2014-04-21,C0F930
416,斜紋夜蛾,彰化縣,福興鄉,2014,4,2,3.67,C0G640,2014-04-11,C0G640
417,斜紋夜蛾,彰化縣,田尾鄉,2014,4,2,8.33,C0G840,2014-04-11,C0G840
418,斜紋夜蛾,彰化縣,大城鄉,2014,4,2,28.67,C0G840,2014-04-11,C0G840
419,斜紋夜蛾,新竹縣,竹北市,2014,4,2,5.33,467571,2014-04-11,467571
420,斜紋夜蛾,新北市,蘆洲區,2014,4,2,10.33,C0ACA0,2014-04-11,C0ACA0
421,斜紋夜蛾,雲林縣,褒忠鄉,2014,4,2,10.0,C0K250,2014-04-11,C0K250
422,斜紋夜蛾,高雄市,岡山區,2014,4,2,3.0,C0V670,2014-04-11,C0V670
423,斜紋夜蛾,苗栗縣,後龍鎮,2014,4,2,5.67,C0E750,2014-04-11,C0E750
424,斜紋夜蛾,宜蘭縣,三星地區,2014,4,2,5.33,C1U660,2014-04-11,C1U660
425,斜紋夜蛾,台南市,官田區,2014,4,2,7.0,C0O900,2014-04-11,C0O900
426,斜紋夜蛾,台中市,霧峰區,2014,4,2,61.0,C1F9B1,2014-04-11,C1F9B1
427,斜紋夜蛾,台中市,龍井區,2014,4,2,9.67,467770,2014-04-11,467770
428,斜紋夜蛾,台中市,大甲區,2014,4,2,1.0,C0F930,2014-04-11,C0F930
429,斜紋夜蛾,彰化縣,福興鄉,2014,4,1,3.67,C0G640,2014-04-01,C0G640
430,斜紋夜蛾,彰化縣,田尾鄉,2014,4,1,8.33,C0G840,2014-04-01,C0G840
431,斜紋夜蛾,彰化縣,大城鄉,2014,4,1,27.0,C0G840,2014-04-01,C0G840
432,斜紋夜蛾,新竹縣,竹北市,2014,4,1,5.67,467571,2014-04-01,467571
433,斜紋夜蛾,新北市,蘆洲區,2014,4,1,8.33,C0ACA0,2014-04-01,C0ACA0
434,斜紋夜蛾,雲林縣,褒忠鄉,2014,4,1,10.0,C0K250,2014-04-01,C0K250
435,斜紋夜蛾,高雄市,岡山區,2014,4,1,5.33,C0V670,2014-04-01,C0V670
436,斜紋夜蛾,苗栗縣,後龍鎮,2014,4,1,6.0,C0E750,2014-04-01,C0E750
437,斜紋夜蛾,宜蘭縣,三星地區,2014,4,1,5.67,C1U660,2014-04-01,C1U660
438,斜紋夜蛾,台南市,官田區,2014,4,1,4.33,C0O900,2014-04-01,C0O900
439,斜紋夜蛾,台中市,霧峰區,2014,4,1,73.33,C1F9B1,2014-04-01,C1F9B1
440,斜紋夜蛾,台中市,龍井區,2014,4,1,15.0,467770,2014-04-01,467770
441,斜紋夜蛾,台中市,大甲區,2014,4,1,0.0,C0F930,2014-04-01,C0F930
442,斜紋夜蛾,彰化縣,福興鄉,2014,3,3,5.67,C0G640,2014-03-21,C0G640
443,斜紋夜蛾,彰化縣,田尾鄉,2014,3,3,8.33,C0G840,2014-03-21,C0G840
444,斜紋夜蛾,彰化縣,大城鄉,2014,3,3,24.67,C0G840,2014-03-21,C0G840
445,斜紋夜蛾,新竹縣,竹北市,2014,3,3,5.67,467571,2014-03-21,467571
446,斜紋夜蛾,新北市,蘆洲區,2014,3,3,2.0,C0ACA0,2014-03-21,C0ACA0
447,斜紋夜蛾,雲林縣,褒忠鄉,2014,3,3,3.67,C0K250,2014-03-21,C0K250
448,斜紋夜蛾,高雄市,岡山區,2014,3,3,4.67,C0V670,2014-03-21,C0V670
449,斜紋夜蛾,苗栗縣,後龍鎮,2014,3,3,6.0,C0E750,2014-03-21,C0E750
450,斜紋夜蛾,花蓮縣,新秀地區,2014,3,3,21.33,466990,2014-03-21,466990
451,斜紋夜蛾,花蓮縣,吉安鄉,2014,3,3,7.33,466990,2014-03-21,466990
452,斜紋夜蛾,台南市,官田區,2014,3,3,11.67,C0O900,2014-03-21,C0O900
453,斜紋夜蛾,台中市,霧峰區,2014,3,3,71.67,C1F9B1,2014-03-21,C1F9B1
454,斜紋夜蛾,台中市,龍井區,2014,3,3,6.0,467770,2014-03-21,467770
455,斜紋夜蛾,台中市,大甲區,2014,3,3,1.67,C0F930,2014-03-21,C0F930
456,斜紋夜蛾,彰化縣,福興鄉,2014,3,2,7.33,C0G640,2014-03-11,C0G640
457,斜紋夜蛾,彰化縣,田尾鄉,2014,3,2,5.0,C0G840,2014-03-11,C0G840
458,斜紋夜蛾,彰化縣,大城鄉,2014,3,2,14.67,C0G840,2014-03-11,C0G840
459,斜紋夜蛾,新竹縣,竹北市,2014,3,2,2.67,467571,2014-03-11,467571
460,斜紋夜蛾,新北市,蘆洲區,2014,3,2,4.0,C0ACA0,2014-03-11,C0ACA0
461,斜紋夜蛾,雲林縣,褒忠鄉,2014,3,2,3.67,C0K250,2014-03-11,C0K250
462,斜紋夜蛾,高雄市,岡山區,2014,3,2,3.67,C0V670,2014-03-11,C0V670
463,斜紋夜蛾,苗栗縣,後龍鎮,2014,3,2,5.67,C0E750,2014-03-11,C0E750
464,斜紋夜蛾,花蓮縣,新秀地區,2014,3,2,19.0,466990,2014-03-11,466990
465,斜紋夜蛾,花蓮縣,吉安鄉,2014,3,2,6.67,466990,2014-03-11,466990
466,斜紋夜蛾,台南市,官田區,2014,3,2,10.33,C0O900,2014-03-11,C0O900
467,斜紋夜蛾,台中市,霧峰區,2014,3,2,65.33,C1F9B1,2014-03-11,C1F9B1
468,斜紋夜蛾,台中市,龍井區,2014,3,2,7.0,467770,2014-03-11,467770
469,斜紋夜蛾,台中市,大甲區,2014,3,2,1.0,C0F930,2014-03-11,C0F930
470,斜紋夜蛾,彰化縣,福興鄉,2014,3,1,17.67,C0G640,2014-03-01,C0G640
471,斜紋夜蛾,彰化縣,田尾鄉,2014,3,1,6.67,C0G840,2014-03-01,C0G840
472,斜紋夜蛾,彰化縣,大城鄉,2014,3,1,12.33,C0G840,2014-03-01,C0G840
473,斜紋夜蛾,新竹縣,竹北市,2014,3,1,2.67,467571,2014-03-01,467571
474,斜紋夜蛾,新北市,蘆洲區,2014,3,1,3.0,C0ACA0,2014-03-01,C0ACA0
475,斜紋夜蛾,雲林縣,褒忠鄉,2014,3,1,4.67,C0K250,2014-03-01,C0K250
476,斜紋夜蛾,高雄市,岡山區,2014,3,1,2.33,C0V670,2014-03-01,C0V670
477,斜紋夜蛾,苗栗縣,後龍鎮,2014,3,1,5.0,C0E750,2014-03-01,C0E750
478,斜紋夜蛾,花蓮縣,新秀地區,2014,3,1,15.67,466990,2014-03-01,466990
479,斜紋夜蛾,花蓮縣,吉安鄉,2014,3,1,6.33,466990,2014-03-01,466990
480,斜紋夜蛾,台南市,官田區,2014,3,1,5.0,C0O900,2014-03-01,C0O900
481,斜紋夜蛾,台中市,霧峰區,2014,3,1,72.33,C1F9B1,2014-03-01,C1F9B1
482,斜紋夜蛾,台中市,龍井區,2014,3,1,3.0,467770,2014-03-01,467770
483,斜紋夜蛾,台中市,大甲區,2014,3,1,1.0,C0F930,2014-03-01,C0F930
484,斜紋夜蛾,彰化縣,福興鄉,2014,2,3,19.0,C0G640,2014-02-21,C0G640
485,斜紋夜蛾,彰化縣,大城鄉,2014,2,3,8.0,C0G840,2014-02-21,C0G840
486,斜紋夜蛾,新竹縣,竹北市,2014,2,3,3.0,467571,2014-02-21,467571
487,斜紋夜蛾,新北市,蘆洲區,2014,2,3,2.0,C0ACA0,2014-02-21,C0ACA0
488,斜紋夜蛾,雲林縣,褒忠鄉,2014,2,3,4.3,C0K250,2014-02-21,C0K250
489,斜紋夜蛾,高雄市,岡山區,2014,2,3,4.0,C0V670,2014-02-21,C0V670
490,斜紋夜蛾,苗栗縣,後龍鎮,2014,2,3,4.7,C0E750,2014-02-21,C0E750
491,斜紋夜蛾,花蓮縣,新秀地區,2014,2,3,14.3,466990,2014-02-21,466990
492,斜紋夜蛾,花蓮縣,吉安鄉,2014,2,3,8.7,466990,2014-02-21,466990
493,斜紋夜蛾,台南市,官田區,2014,2,3,11.3,C0O900,2014-02-21,C0O900
494,斜紋夜蛾,台中市,霧峰區,2014,2,3,61.0,C1F9B1,2014-02-21,C1F9B1
495,斜紋夜蛾,台中市,龍井區,2014,2,3,5.0,467770,2014-02-21,467770
496,斜紋夜蛾,台中市,大甲區,2014,2,3,0.7,C0F930,2014-02-21,C0F930
497,斜紋夜蛾,彰化縣,福興鄉,2014,2,2,9.0,C0G640,2014-02-11,C0G640
498,斜紋夜蛾,彰化縣,田尾鄉,2014,2,2,1.7,C0G840,2014-02-11,C0G840
499,斜紋夜蛾,彰化縣,大城鄉,2014,2,2,10.3,C0G840,2014-02-11,C0G840
500,斜紋夜蛾,新竹縣,竹北市,2014,2,2,4.0,467571,2014-02-11,467571
501,斜紋夜蛾,新北市,蘆洲區,2014,2,2,4.0,C0ACA0,2014-02-11,C0ACA0
502,斜紋夜蛾,雲林縣,褒忠鄉,2014,2,2,5.3,C0K250,2014-02-11,C0K250
503,斜紋夜蛾,高雄市,岡山區,2014,2,2,4.3,C0V670,2014-02-11,C0V670
504,斜紋夜蛾,苗栗縣,後龍鎮,2014,2,2,3.7,C0E750,2014-02-11,C0E750
505,斜紋夜蛾,花蓮縣,新秀地區,2014,2,2,2.7,466990,2014-02-11,466990
506,斜紋夜蛾,花蓮縣,吉安鄉,2014,2,2,8.7,466990,2014-02-11,466990
507,斜紋夜蛾,台南市,官田區,2014,2,2,5.3,C0O900,2014-02-11,C0O900
508,斜紋夜蛾,台中市,霧峰區,2014,2,2,70.7,C1F9B1,2014-02-11,C1F9B1
509,斜紋夜蛾,台中市,龍井區,2014,2,2,2.3,467770,2014-02-11,467770
510,斜紋夜蛾,台中市,大甲區,2014,2,2,0.7,C0F930,2014-02-11,C0F930
511,斜紋夜蛾,彰化縣,福興鄉,2014,2,1,4.7,C0G640,2014-02-01,C0G640
512,斜紋夜蛾,彰化縣,田尾鄉,2014,2,1,5.0,C0G840,2014-02-01,C0G840
513,斜紋夜蛾,彰化縣,大城鄉,2014,2,1,14.0,C0G840,2014-02-01,C0G840
514,斜紋夜蛾,新竹縣,竹北市,2014,2,1,6.7,467571,2014-02-01,467571
515,斜紋夜蛾,新北市,蘆洲區,2014,2,1,4.7,C0ACA0,2014-02-01,C0ACA0
516,斜紋夜蛾,雲林縣,褒忠鄉,2014,2,1,2.7,C0K250,2014-02-01,C0K250
517,斜紋夜蛾,高雄市,岡山區,2014,2,1,6.7,C0V670,2014-02-01,C0V670
518,斜紋夜蛾,苗栗縣,後龍鎮,2014,2,1,4.3,C0E750,2014-02-01,C0E750
519,斜紋夜蛾,花蓮縣,新秀地區,2014,2,1,13.0,466990,2014-02-01,466990
520,斜紋夜蛾,花蓮縣,吉安鄉,2014,2,1,8.0,466990,2014-02-01,466990
521,斜紋夜蛾,台南市,官田區,2014,2,1,5.7,C0O900,2014-02-01,C0O900
522,斜紋夜蛾,台中市,霧峰區,2014,2,1,65.0,C1F9B1,2014-02-01,C1F9B1
523,斜紋夜蛾,台中市,龍井區,2014,2,1,2.0,467770,2014-02-01,467770
524,斜紋夜蛾,台中市,大甲區,2014,2,1,0.0,C0F930,2014-02-01,C0F930
525,斜紋夜蛾,彰化縣,福興鄉,2014,1,3,5.3,C0G640,2014-01-21,C0G640
526,斜紋夜蛾,彰化縣,大城鄉,2014,1,3,20.0,C0G840,2014-01-21,C0G840
527,斜紋夜蛾,新竹縣,竹北市,2014,1,3,4.7,467571,2014-01-21,467571
528,斜紋夜蛾,新北市,蘆洲區,2014,1,3,11.3,C0ACA0,2014-01-21,C0ACA0
529,斜紋夜蛾,雲林縣,褒忠鄉,2014,1,3,5.7,C0K250,2014-01-21,C0K250
530,斜紋夜蛾,高雄市,岡山區,2014,1,3,4.3,C0V670,2014-01-21,C0V670
531,斜紋夜蛾,苗栗縣,後龍鎮,2014,1,3,3.3,C0E750,2014-01-21,C0E750
532,斜紋夜蛾,花蓮縣,新秀地區,2014,1,3,8.7,466990,2014-01-21,466990
533,斜紋夜蛾,花蓮縣,吉安鄉,2014,1,3,8.7,466990,2014-01-21,466990
534,斜紋夜蛾,台南市,官田區,2014,1,3,6.7,C0O900,2014-01-21,C0O900
535,斜紋夜蛾,台中市,龍井區,2014,1,3,0.7,467770,2014-01-21,467770
536,斜紋夜蛾,台中市,大甲區,2014,1,3,0.7,C0F930,2014-01-21,C0F930
537,斜紋夜蛾,彰化縣,福興鄉,2014,1,2,10.3,C0G640,2014-01-11,C0G640
538,斜紋夜蛾,彰化縣,田尾鄉,2014,1,2,5.0,C0G840,2014-01-11,C0G840
539,斜紋夜蛾,彰化縣,大城鄉,2014,1,2,19.0,C0G840,2014-01-11,C0G840
540,斜紋夜蛾,新竹縣,竹北市,2014,1,2,5.7,467571,2014-01-11,467571
541,斜紋夜蛾,新北市,蘆洲區,2014,1,2,16.7,C0ACA0,2014-01-11,C0ACA0
542,斜紋夜蛾,雲林縣,褒忠鄉,2014,1,2,0.0,C0K250,2014-01-11,C0K250
543,斜紋夜蛾,高雄市,岡山區,2014,1,2,8.3,C0V670,2014-01-11,C0V670
544,斜紋夜蛾,苗栗縣,後龍鎮,2014,1,2,2.0,C0E750,2014-01-11,C0E750
545,斜紋夜蛾,花蓮縣,新秀地區,2014,1,2,10.7,466990,2014-01-11,466990
546,斜紋夜蛾,花蓮縣,吉安鄉,2014,1,2,7.3,466990,2014-01-11,466990
547,斜紋夜蛾,台南市,官田區,2014,1,2,19.3,C0O900,2014-01-11,C0O900
548,斜紋夜蛾,台中市,霧峰區,2014,1,2,64.7,C1F9B1,2014-01-11,C1F9B1
549,斜紋夜蛾,台中市,龍井區,2014,1,2,1.0,467770,2014-01-11,467770
550,斜紋夜蛾,台中市,大甲區,2014,1,2,1.0,C0F930,2014-01-11,C0F930
551,斜紋夜蛾,彰化縣,福興鄉,2014,1,1,9.7,C0G640,2014-01-01,C0G640
552,斜紋夜蛾,彰化縣,田尾鄉,2014,1,1,3.3,C0G840,2014-01-01,C0G840
553,斜紋夜蛾,彰化縣,大城鄉,2014,1,1,18.7,C0G840,2014-01-01,C0G840
554,斜紋夜蛾,新竹縣,竹北市,2014,1,1,5.3,467571,2014-01-01,467571
555,斜紋夜蛾,新北市,蘆洲區,2014,1,1,36.7,C0ACA0,2014-01-01,C0ACA0
556,斜紋夜蛾,雲林縣,褒忠鄉,2014,1,1,3.7,C0K250,2014-01-01,C0K250
557,斜紋夜蛾,高雄市,岡山區,2014,1,1,6.3,C0V670,2014-01-01,C0V670
558,斜紋夜蛾,苗栗縣,後龍鎮,2014,1,1,12.0,C0E750,2014-01-01,C0E750
559,斜紋夜蛾,花蓮縣,新秀地區,2014,1,1,10.7,466990,2014-01-01,466990
560,斜紋夜蛾,花蓮縣,吉安鄉,2014,1,1,7.7,466990,2014-01-01,466990
561,斜紋夜蛾,台南市,官田區,2014,1,1,23.7,C0O900,2014-01-01,C0O900
562,斜紋夜蛾,台中市,霧峰區,2014,1,1,63.7,C1F9B1,2014-01-01,C1F9B1
563,斜紋夜蛾,台中市,龍井區,2014,1,1,0.3,467770,2014-01-01,467770
564,斜紋夜蛾,台中市,大甲區,2014,1,1,2.0,C0F930,2014-01-01,C0F930
565,斜紋夜蛾,彰化縣,福興鄉,2013,12,3,5.3,C0G640,2013-12-21,C0G640
566,斜紋夜蛾,彰化縣,田尾鄉,2013,12,3,5.0,C0G840,2013-12-21,C0G840
567,斜紋夜蛾,彰化縣,大城鄉,2013,12,3,13.3,C0G840,2013-12-21,C0G840
568,斜紋夜蛾,新北市,蘆洲區,2013,12,3,61.3,C0ACA0,2013-12-21,C0ACA0
569,斜紋夜蛾,雲林縣,褒忠鄉,2013,12,3,6.7,C0K250,2013-12-21,C0K250
570,斜紋夜蛾,高雄市,岡山區,2013,12,3,2.3,C0V670,2013-12-21,C0V670
571,斜紋夜蛾,苗栗縣,後龍鎮,2013,12,3,26.3,C0E750,2013-12-21,C0E750
572,斜紋夜蛾,花蓮縣,新秀地區,2013,12,3,11.3,466990,2013-12-21,466990
573,斜紋夜蛾,花蓮縣,吉安鄉,2013,12,3,6.3,466990,2013-12-21,466990
574,斜紋夜蛾,宜蘭縣,三星地區,2013,12,3,1.0,C1U660,2013-12-21,C1U660
575,斜紋夜蛾,台南市,官田區,2013,12,3,48.7,C0O900,2013-12-21,C0O900
576,斜紋夜蛾,台中市,龍井區,2013,12,3,9.7,467770,2013-12-21,467770
577,斜紋夜蛾,台中市,大甲區,2013,12,3,0.7,C0F930,2013-12-21,C0F930
578,斜紋夜蛾,彰化縣,福興鄉,2013,12,2,9.0,C0G640,2013-12-11,C0G640
579,斜紋夜蛾,彰化縣,田尾鄉,2013,12,2,3.3,C0G840,2013-12-11,C0G840
580,斜紋夜蛾,彰化縣,大城鄉,2013,12,2,30.0,C0G840,2013-12-11,C0G840
581,斜紋夜蛾,新竹縣,竹北市,2013,12,2,10.0,467571,2013-12-11,467571
582,斜紋夜蛾,新北市,蘆洲區,2013,12,2,54.0,C0ACA0,2013-12-11,C0ACA0
583,斜紋夜蛾,雲林縣,褒忠鄉,2013,12,2,5.7,C0K250,2013-12-11,C0K250
584,斜紋夜蛾,高雄市,岡山區,2013,12,2,10.0,C0V670,2013-12-11,C0V670
585,斜紋夜蛾,苗栗縣,後龍鎮,2013,12,2,28.3,C0E750,2013-12-11,C0E750
586,斜紋夜蛾,花蓮縣,新秀地區,2013,12,2,10.0,466990,2013-12-11,466990
587,斜紋夜蛾,花蓮縣,吉安鄉,2013,12,2,7.3,466990,2013-12-11,466990
588,斜紋夜蛾,宜蘭縣,三星地區,2013,12,2,1.7,C1U660,2013-12-11,C1U660
589,斜紋夜蛾,台南市,官田區,2013,12,2,12.0,C0O900,2013-12-11,C0O900
590,斜紋夜蛾,台中市,霧峰區,2013,12,2,58.0,C1F9B1,2013-12-11,C1F9B1
591,斜紋夜蛾,台中市,龍井區,2013,12,2,13.0,467770,2013-12-11,467770
592,斜紋夜蛾,台中市,大甲區,2013,12,2,2.3,C0F930,2013-12-11,C0F930
593,斜紋夜蛾,彰化縣,福興鄉,2013,12,1,16.7,C0G640,2013-12-01,C0G640
594,斜紋夜蛾,彰化縣,田尾鄉,2013,12,1,5.0,C0G840,2013-12-01,C0G840
595,斜紋夜蛾,彰化縣,大城鄉,2013,12,1,74.3,C0G840,2013-12-01,C0G840
596,斜紋夜蛾,新竹縣,竹北市,2013,12,1,0.0,467571,2013-12-01,467571
597,斜紋夜蛾,新北市,蘆洲區,2013,12,1,45.3,C0ACA0,2013-12-01,C0ACA0
598,斜紋夜蛾,雲林縣,褒忠鄉,2013,12,1,10.0,C0K250,2013-12-01,C0K250
599,斜紋夜蛾,高雄市,岡山區,2013,12,1,6.7,C0V670,2013-12-01,C0V670
600,斜紋夜蛾,苗栗縣,後龍鎮,2013,12,1,60.3,C0E750,2013-12-01,C0E750
601,斜紋夜蛾,花蓮縣,新秀地區,2013,12,1,8.7,466990,2013-12-01,466990
602,斜紋夜蛾,花蓮縣,吉安鄉,2013,12,1,6.3,466990,2013-12-01,466990
603,斜紋夜蛾,宜蘭縣,三星地區,2013,12,1,2.0,C1U660,2013-12-01,C1U660
604,斜紋夜蛾,台南市,官田區,2013,12,1,34.0,C0O900,2013-12-01,C0O900
605,斜紋夜蛾,台中市,霧峰區,2013,12,1,62.0,C1F9B1,2013-12-01,C1F9B1
606,斜紋夜蛾,台中市,龍井區,2013,12,1,18.0,467770,2013-12-01,467770
607,斜紋夜蛾,台中市,大甲區,2013,12,1,1.3,C0F930,2013-12-01,C0F930
608,斜紋夜蛾,彰化縣,福興鄉,2013,11,3,21.0,C0G640,2013-11-21,C0G640
609,斜紋夜蛾,彰化縣,田尾鄉,2013,11,3,5.0,C0G840,2013-11-21,C0G840
610,斜紋夜蛾,彰化縣,大城鄉,2013,11,3,180.0,C0G840,2013-11-21,C0G840
611,斜紋夜蛾,新竹縣,竹北市,2013,11,3,7.0,467571,2013-11-21,467571
612,斜紋夜蛾,新北市,蘆洲區,2013,11,3,24.7,C0ACA0,2013-11-21,C0ACA0
613,斜紋夜蛾,雲林縣,褒忠鄉,2013,11,3,9.7,C0K250,2013-11-21,C0K250
614,斜紋夜蛾,高雄市,岡山區,2013,11,3,7.7,C0V670,2013-11-21,C0V670
615,斜紋夜蛾,苗栗縣,後龍鎮,2013,11,3,13.0,C0E750,2013-11-21,C0E750
616,斜紋夜蛾,花蓮縣,新秀地區,2013,11,3,9.0,466990,2013-11-21,466990
617,斜紋夜蛾,花蓮縣,吉安鄉,2013,11,3,6.3,466990,2013-11-21,466990
618,斜紋夜蛾,宜蘭縣,三星地區,2013,11,3,1.0,C1U660,2013-11-21,C1U660
619,斜紋夜蛾,台南市,官田區,2013,11,3,57.0,C0O900,2013-11-21,C0O900
620,斜紋夜蛾,台中市,霧峰區,2013,11,3,59.7,C1F9B1,2013-11-21,C1F9B1
621,斜紋夜蛾,台中市,龍井區,2013,11,3,29.7,467770,2013-11-21,467770
622,斜紋夜蛾,台中市,大甲區,2013,11,3,0.7,C0F930,2013-11-21,C0F930
623,斜紋夜蛾,彰化縣,福興鄉,2013,11,2,10.7,C0G640,2013-11-11,C0G640
624,斜紋夜蛾,彰化縣,大城鄉,2013,11,2,170.0,C0G840,2013-11-11,C0G840
625,斜紋夜蛾,新竹縣,竹北市,2013,11,2,5.7,467571,2013-11-11,467571
626,斜紋夜蛾,新北市,蘆洲區,2013,11,2,23.3,C0ACA0,2013-11-11,C0ACA0
627,斜紋夜蛾,雲林縣,褒忠鄉,2013,11,2,21.0,C0K250,2013-11-11,C0K250
628,斜紋夜蛾,高雄市,岡山區,2013,11,2,9.0,C0V670,2013-11-11,C0V670
629,斜紋夜蛾,苗栗縣,後龍鎮,2013,11,2,16.0,C0E750,2013-11-11,C0E750
630,斜紋夜蛾,花蓮縣,新秀地區,2013,11,2,9.7,466990,2013-11-11,466990
631,斜紋夜蛾,花蓮縣,吉安鄉,2013,11,2,6.3,466990,2013-11-11,466990
632,斜紋夜蛾,宜蘭縣,三星地區,2013,11,2,1.0,C1U660,2013-11-11,C1U660
633,斜紋夜蛾,台南市,官田區,2013,11,2,107.3,C0O900,2013-11-11,C0O900
634,斜紋夜蛾,台中市,霧峰區,2013,11,2,59.7,C1F9B1,2013-11-11,C1F9B1
635,斜紋夜蛾,台中市,龍井區,2013,11,2,20.7,467770,2013-11-11,467770
636,斜紋夜蛾,台中市,大甲區,2013,11,2,1.0,C0F930,2013-11-11,C0F930
637,斜紋夜蛾,彰化縣,福興鄉,2013,11,1,11.3,C0G640,2013-11-01,C0G640
638,斜紋夜蛾,彰化縣,大城鄉,2013,11,1,163.3,C0G840,2013-11-01,C0G840
639,斜紋夜蛾,新竹縣,竹北市,2013,11,1,8.7,467571,2013-11-01,467571
640,斜紋夜蛾,新北市,蘆洲區,2013,11,1,45.7,C0ACA0,2013-11-01,C0ACA0
641,斜紋夜蛾,雲林縣,褒忠鄉,2013,11,1,6.0,C0K250,2013-11-01,C0K250
642,斜紋夜蛾,高雄市,岡山區,2013,11,1,7.7,C0V670,2013-11-01,C0V670
643,斜紋夜蛾,苗栗縣,後龍鎮,2013,11,1,15.0,C0E750,2013-11-01,C0E750
644,斜紋夜蛾,花蓮縣,新秀地區,2013,11,1,11.3,466990,2013-11-01,466990
645,斜紋夜蛾,花蓮縣,吉安鄉,2013,11,1,6.3,466990,2013-11-01,466990
646,斜紋夜蛾,宜蘭縣,三星地區,2013,11,1,1.3,C1U660,2013-11-01,C1U660
647,斜紋夜蛾,台南市,官田區,2013,11,1,117.7,C0O900,2013-11-01,C0O900
648,斜紋夜蛾,台中市,霧峰區,2013,11,1,66.3,C1F9B1,2013-11-01,C1F9B1
649,斜紋夜蛾,台中市,龍井區,2013,11,1,9.0,467770,2013-11-01,467770
650,斜紋夜蛾,台中市,大甲區,2013,11,1,0.7,C0F930,2013-11-01,C0F930
651,斜紋夜蛾,彰化縣,福興鄉,2013,10,3,28.0,C0G640,2013-10-21,C0G640
652,斜紋夜蛾,彰化縣,田尾鄉,2013,10,3,13.3,C0G840,2013-10-21,C0G840
653,斜紋夜蛾,彰化縣,大城鄉,2013,10,3,123.3,C0G840,2013-10-21,C0G840
654,斜紋夜蛾,新竹縣,竹北市,2013,10,3,4.7,467571,2013-10-21,467571
655,斜紋夜蛾,新北市,蘆洲區,2013,10,3,35.0,C0ACA0,2013-10-21,C0ACA0
656,斜紋夜蛾,雲林縣,褒忠鄉,2013,10,3,11.7,C0K250,2013-10-21,C0K250
657,斜紋夜蛾,高雄市,岡山區,2013,10,3,5.0,C0V670,2013-10-21,C0V670
658,斜紋夜蛾,桃園縣,八德市,2013,10,3,12.3,C0C490,2013-10-21,C0C490
659,斜紋夜蛾,苗栗縣,後龍鎮,2013,10,3,2.0,C0E750,2013-10-21,C0E750
660,斜紋夜蛾,花蓮縣,新秀地區,2013,10,3,11.3,466990,2013-10-21,466990
661,斜紋夜蛾,花蓮縣,吉安鄉,2013,10,3,7.3,466990,2013-10-21,466990
662,斜紋夜蛾,台南市,官田區,2013,10,3,74.3,C0O900,2013-10-21,C0O900
663,斜紋夜蛾,台中市,霧峰區,2013,10,3,61.3,C1F9B1,2013-10-21,C1F9B1
664,斜紋夜蛾,台中市,龍井區,2013,10,3,12.0,467770,2013-10-21,467770
665,斜紋夜蛾,台中市,大甲區,2013,10,3,3.7,C0F930,2013-10-21,C0F930
666,斜紋夜蛾,彰化縣,福興鄉,2013,10,2,29.67,C0G640,2013-10-11,C0G640
667,斜紋夜蛾,彰化縣,大城鄉,2013,10,2,135.33,C0G840,2013-10-11,C0G840
668,斜紋夜蛾,新竹縣,竹北市,2013,10,2,4.67,467571,2013-10-11,467571
669,斜紋夜蛾,新北市,蘆洲區,2013,10,2,24.33,C0ACA0,2013-10-11,C0ACA0
670,斜紋夜蛾,雲林縣,褒忠鄉,2013,10,2,11.33,C0K250,2013-10-11,C0K250
671,斜紋夜蛾,高雄市,岡山區,2013,10,2,7.0,C0V670,2013-10-11,C0V670
672,斜紋夜蛾,苗栗縣,後龍鎮,2013,10,2,0.0,C0E750,2013-10-11,C0E750
673,斜紋夜蛾,花蓮縣,新秀地區,2013,10,2,14.67,466990,2013-10-11,466990
674,斜紋夜蛾,花蓮縣,吉安鄉,2013,10,2,7.33,466990,2013-10-11,466990
675,斜紋夜蛾,宜蘭縣,三星地區,2013,10,2,0.0,C1U660,2013-10-11,C1U660
676,斜紋夜蛾,台南市,官田區,2013,10,2,36.0,C0O900,2013-10-11,C0O900
677,斜紋夜蛾,台中市,霧峰區,2013,10,2,61.33,C1F9B1,2013-10-11,C1F9B1
678,斜紋夜蛾,台中市,大甲區,2013,10,2,3.0,C0F930,2013-10-11,C0F930
679,斜紋夜蛾,彰化縣,福興鄉,2013,10,1,44.0,C0G640,2013-10-01,C0G640
680,斜紋夜蛾,彰化縣,田尾鄉,2013,10,1,6.67,C0G840,2013-10-01,C0G840
681,斜紋夜蛾,彰化縣,大城鄉,2013,10,1,68.33,C0G840,2013-10-01,C0G840
682,斜紋夜蛾,新竹縣,竹北市,2013,10,1,4.0,467571,2013-10-01,467571
683,斜紋夜蛾,新北市,蘆洲區,2013,10,1,25.33,C0ACA0,2013-10-01,C0ACA0
684,斜紋夜蛾,雲林縣,褒忠鄉,2013,10,1,11.33,C0K250,2013-10-01,C0K250
685,斜紋夜蛾,高雄市,岡山區,2013,10,1,5.33,C0V670,2013-10-01,C0V670
686,斜紋夜蛾,苗栗縣,後龍鎮,2013,10,1,2.67,C0E750,2013-10-01,C0E750
687,斜紋夜蛾,花蓮縣,新秀地區,2013,10,1,17.67,466990,2013-10-01,466990
688,斜紋夜蛾,花蓮縣,吉安鄉,2013,10,1,7.0,466990,2013-10-01,466990
689,斜紋夜蛾,宜蘭縣,三星地區,2013,10,1,0.33,C1U660,2013-10-01,C1U660
690,斜紋夜蛾,台南市,官田區,2013,10,1,16.67,C0O900,2013-10-01,C0O900
691,斜紋夜蛾,台中市,龍井區,2013,10,1,0.67,467770,2013-10-01,467770
692,斜紋夜蛾,台中市,大甲區,2013,10,1,2.0,C0F930,2013-10-01,C0F930
693,斜紋夜蛾,彰化縣,福興鄉,2013,9,3,32.67,C0G640,2013-09-21,C0G640
694,斜紋夜蛾,彰化縣,田尾鄉,2013,9,3,10.0,C0G840,2013-09-21,C0G840
695,斜紋夜蛾,彰化縣,大城鄉,2013,9,3,41.67,C0G840,2013-09-21,C0G840
696,斜紋夜蛾,新竹縣,竹北市,2013,9,3,4.67,467571,2013-09-21,467571
697,斜紋夜蛾,新北市,蘆洲區,2013,9,3,51.67,C0ACA0,2013-09-21,C0ACA0
698,斜紋夜蛾,雲林縣,褒忠鄉,2013,9,3,12.67,C0K250,2013-09-21,C0K250
699,斜紋夜蛾,高雄市,岡山區,2013,9,3,2.33,C0V670,2013-09-21,C0V670
700,斜紋夜蛾,苗栗縣,後龍鎮,2013,9,3,4.67,C0E750,2013-09-21,C0E750
701,斜紋夜蛾,花蓮縣,新秀地區,2013,9,3,18.67,466990,2013-09-21,466990
702,斜紋夜蛾,花蓮縣,吉安鄉,2013,9,3,9.0,466990,2013-09-21,466990
703,斜紋夜蛾,宜蘭縣,三星地區,2013,9,3,0.33,C1U660,2013-09-21,C1U660
704,斜紋夜蛾,台南市,官田區,2013,9,3,29.33,C0O900,2013-09-21,C0O900
705,斜紋夜蛾,台中市,霧峰區,2013,9,3,56.67,C1F9B1,2013-09-21,C1F9B1
706,斜紋夜蛾,台中市,龍井區,2013,9,3,2.33,467770,2013-09-21,467770
707,斜紋夜蛾,台中市,大甲區,2013,9,3,2.33,C0F930,2013-09-21,C0F930
708,斜紋夜蛾,彰化縣,福興鄉,2013,9,2,21.0,C0G640,2013-09-11,C0G640
709,斜紋夜蛾,彰化縣,田尾鄉,2013,9,2,3.33,C0G840,2013-09-11,C0G840
710,斜紋夜蛾,彰化縣,大城鄉,2013,9,2,65.0,C0G840,2013-09-11,C0G840
711,斜紋夜蛾,新竹縣,竹北市,2013,9,2,4.67,467571,2013-09-11,467571
712,斜紋夜蛾,新北市,蘆洲區,2013,9,2,53.67,C0ACA0,2013-09-11,C0ACA0
713,斜紋夜蛾,雲林縣,褒忠鄉,2013,9,2,13.0,C0K250,2013-09-11,C0K250
714,斜紋夜蛾,高雄市,岡山區,2013,9,2,4.33,C0V670,2013-09-11,C0V670
715,斜紋夜蛾,桃園縣,八德市,2013,9,2,12.0,C0C490,2013-09-11,C0C490
716,斜紋夜蛾,苗栗縣,後龍鎮,2013,9,2,16.33,C0E750,2013-09-11,C0E750
717,斜紋夜蛾,花蓮縣,新秀地區,2013,9,2,21.67,466990,2013-09-11,466990
718,斜紋夜蛾,花蓮縣,吉安鄉,2013,9,2,8.67,466990,2013-09-11,466990
719,斜紋夜蛾,宜蘭縣,三星地區,2013,9,2,0.33,C1U660,2013-09-11,C1U660
720,斜紋夜蛾,台南市,官田區,2013,9,2,21.0,C0O900,2013-09-11,C0O900
721,斜紋夜蛾,台中市,霧峰區,2013,9,2,44.67,C1F9B1,2013-09-11,C1F9B1
722,斜紋夜蛾,台中市,龍井區,2013,9,2,1.0,467770,2013-09-11,467770
723,斜紋夜蛾,台中市,大甲區,2013,9,2,3.0,C0F930,2013-09-11,C0F930
724,斜紋夜蛾,彰化縣,福興鄉,2013,9,1,19.67,C0G640,2013-09-01,C0G640
725,斜紋夜蛾,彰化縣,田尾鄉,2013,9,1,8.33,C0G840,2013-09-01,C0G840
726,斜紋夜蛾,彰化縣,大城鄉,2013,9,1,68.67,C0G840,2013-09-01,C0G840
727,斜紋夜蛾,新竹縣,竹北市,2013,9,1,5.0,467571,2013-09-01,467571
728,斜紋夜蛾,新北市,蘆洲區,2013,9,1,63.0,C0ACA0,2013-09-01,C0ACA0
729,斜紋夜蛾,雲林縣,褒忠鄉,2013,9,1,12.33,C0K250,2013-09-01,C0K250
730,斜紋夜蛾,高雄市,岡山區,2013,9,1,3.67,C0V670,2013-09-01,C0V670
731,斜紋夜蛾,桃園縣,八德市,2013,9,1,10.67,C0C490,2013-09-01,C0C490
732,斜紋夜蛾,苗栗縣,後龍鎮,2013,9,1,15.67,C0E750,2013-09-01,C0E750
733,斜紋夜蛾,花蓮縣,新秀地區,2013,9,1,29.33,466990,2013-09-01,466990
734,斜紋夜蛾,花蓮縣,吉安鄉,2013,9,1,9.0,466990,2013-09-01,466990
735,斜紋夜蛾,台南市,官田區,2013,9,1,23.67,C0O900,2013-09-01,C0O900
736,斜紋夜蛾,台中市,龍井區,2013,9,1,22.33,467770,2013-09-01,467770
737,斜紋夜蛾,台中市,大甲區,2013,9,1,5.0,C0F930,2013-09-01,C0F930
738,斜紋夜蛾,彰化縣,福興鄉,2013,8,3,13.33,C0G640,2013-08-21,C0G640
739,斜紋夜蛾,彰化縣,田尾鄉,2013,8,3,0.0,C0G840,2013-08-21,C0G840
740,斜紋夜蛾,彰化縣,大城鄉,2013,8,3,25.67,C0G840,2013-08-21,C0G840
741,斜紋夜蛾,新竹縣,竹北市,2013,8,3,4.33,467571,2013-08-21,467571
742,斜紋夜蛾,新北市,蘆洲區,2013,8,3,98.0,C0ACA0,2013-08-21,C0ACA0
743,斜紋夜蛾,雲林縣,褒忠鄉,2013,8,3,19.67,C0K250,2013-08-21,C0K250
744,斜紋夜蛾,高雄市,岡山區,2013,8,3,4.67,C0V670,2013-08-21,C0V670
745,斜紋夜蛾,苗栗縣,後龍鎮,2013,8,3,9.33,C0E750,2013-08-21,C0E750
746,斜紋夜蛾,花蓮縣,新秀地區,2013,8,3,34.67,466990,2013-08-21,466990
747,斜紋夜蛾,宜蘭縣,三星地區,2013,8,3,3.0,C1U660,2013-08-21,C1U660
748,斜紋夜蛾,台南市,官田區,2013,8,3,6.0,C0O900,2013-08-21,C0O900
749,斜紋夜蛾,台中市,霧峰區,2013,8,3,35.67,C1F9B1,2013-08-21,C1F9B1
750,斜紋夜蛾,台中市,龍井區,2013,8,3,11.67,467770,2013-08-21,467770
751,斜紋夜蛾,台中市,大甲區,2013,8,3,0.33,C0F930,2013-08-21,C0F930
752,斜紋夜蛾,彰化縣,福興鄉,2013,8,1,33.7,C0G640,2013-08-01,C0G640
753,斜紋夜蛾,彰化縣,田尾鄉,2013,8,1,5.0,C0G840,2013-08-01,C0G840
754,斜紋夜蛾,彰化縣,大城鄉,2013,8,1,40.7,C0G840,2013-08-01,C0G840
755,斜紋夜蛾,新竹縣,竹北市,2013,8,1,5.3,467571,2013-08-01,467571
756,斜紋夜蛾,新北市,蘆洲區,2013,8,1,76.7,C0ACA0,2013-08-01,C0ACA0
757,斜紋夜蛾,雲林縣,褒忠鄉,2013,8,1,6.7,C0K250,2013-08-01,C0K250
758,斜紋夜蛾,高雄市,岡山區,2013,8,1,8.0,C0V670,2013-08-01,C0V670
759,斜紋夜蛾,苗栗縣,後龍鎮,2013,8,1,8.0,C0E750,2013-08-01,C0E750
760,斜紋夜蛾,花蓮縣,新秀地區,2013,8,1,40.3,466990,2013-08-01,466990
761,斜紋夜蛾,花蓮縣,吉安鄉,2013,8,1,10.0,466990,2013-08-01,466990
762,斜紋夜蛾,宜蘭縣,三星地區,2013,8,1,0.3,C1U660,2013-08-01,C1U660
763,斜紋夜蛾,台南市,官田區,2013,8,1,16.7,C0O900,2013-08-01,C0O900
764,斜紋夜蛾,台中市,霧峰區,2013,8,1,35.3,C1F9B1,2013-08-01,C1F9B1
765,斜紋夜蛾,台中市,龍井區,2013,8,1,21.3,467770,2013-08-01,467770
766,斜紋夜蛾,台中市,大甲區,2013,8,1,1.0,C0F930,2013-08-01,C0F930
767,斜紋夜蛾,彰化縣,福興鄉,2013,7,3,19.7,C0G640,2013-07-21,C0G640
768,斜紋夜蛾,彰化縣,田尾鄉,2013,7,3,6.7,C0G840,2013-07-21,C0G840
769,斜紋夜蛾,彰化縣,大城鄉,2013,7,3,25.7,C0G840,2013-07-21,C0G840
770,斜紋夜蛾,新竹縣,竹北市,2013,7,3,5.3,467571,2013-07-21,467571
771,斜紋夜蛾,新北市,蘆洲區,2013,7,3,27.3,C0ACA0,2013-07-21,C0ACA0
772,斜紋夜蛾,雲林縣,褒忠鄉,2013,7,3,3.0,C0K250,2013-07-21,C0K250
773,斜紋夜蛾,高雄市,岡山區,2013,7,3,5.3,C0V670,2013-07-21,C0V670
774,斜紋夜蛾,苗栗縣,後龍鎮,2013,7,3,5.3,C0E750,2013-07-21,C0E750
775,斜紋夜蛾,花蓮縣,新秀地區,2013,7,3,42.7,466990,2013-07-21,466990
776,斜紋夜蛾,花蓮縣,吉安鄉,2013,7,3,9.3,466990,2013-07-21,466990
777,斜紋夜蛾,宜蘭縣,三星地區,2013,7,3,1.3,C1U660,2013-07-21,C1U660
778,斜紋夜蛾,台南市,官田區,2013,7,3,9.3,C0O900,2013-07-21,C0O900
779,斜紋夜蛾,台中市,霧峰區,2013,7,3,33.0,C1F9B1,2013-07-21,C1F9B1
780,斜紋夜蛾,台中市,龍井區,2013,7,3,4.3,467770,2013-07-21,467770
781,斜紋夜蛾,台中市,大甲區,2013,7,3,2.0,C0F930,2013-07-21,C0F930
782,斜紋夜蛾,彰化縣,福興鄉,2013,7,2,35.7,C0G640,2013-07-11,C0G640
783,斜紋夜蛾,彰化縣,田尾鄉,2013,7,2,6.7,C0G840,2013-07-11,C0G840
784,斜紋夜蛾,彰化縣,大城鄉,2013,7,2,31.0,C0G840,2013-07-11,C0G840
785,斜紋夜蛾,新竹縣,竹北市,2013,7,2,7.0,467571,2013-07-11,467571
786,斜紋夜蛾,新北市,蘆洲區,2013,7,2,21.0,C0ACA0,2013-07-11,C0ACA0
787,斜紋夜蛾,雲林縣,褒忠鄉,2013,7,2,0.0,C0K250,2013-07-11,C0K250
788,斜紋夜蛾,高雄市,岡山區,2013,7,2,2.3,C0V670,2013-07-11,C0V670
789,斜紋夜蛾,花蓮縣,新秀地區,2013,7,2,37.0,466990,2013-07-11,466990
790,斜紋夜蛾,花蓮縣,吉安鄉,2013,7,2,7.7,466990,2013-07-11,466990
791,斜紋夜蛾,宜蘭縣,三星地區,2013,7,2,3.0,C1U660,2013-07-11,C1U660
792,斜紋夜蛾,台南市,官田區,2013,7,2,35.7,C0O900,2013-07-11,C0O900
793,斜紋夜蛾,台中市,霧峰區,2013,7,2,32.0,C1F9B1,2013-07-11,C1F9B1
794,斜紋夜蛾,台中市,龍井區,2013,7,2,69.3,467770,2013-07-11,467770
795,斜紋夜蛾,台中市,大甲區,2013,7,2,1.0,C0F930,2013-07-11,C0F930
796,斜紋夜蛾,彰化縣,福興鄉,2013,7,1,52.7,C0G640,2013-07-01,C0G640
797,斜紋夜蛾,彰化縣,田尾鄉,2013,7,1,10.0,C0G840,2013-07-01,C0G840
798,斜紋夜蛾,彰化縣,大城鄉,2013,7,1,21.0,C0G840,2013-07-01,C0G840
799,斜紋夜蛾,新竹縣,竹北市,2013,7,1,7.0,467571,2013-07-01,467571
800,斜紋夜蛾,新北市,蘆洲區,2013,7,1,21.7,C0ACA0,2013-07-01,C0ACA0
801,斜紋夜蛾,雲林縣,褒忠鄉,2013,7,1,9.7,C0K250,2013-07-01,C0K250
802,斜紋夜蛾,高雄市,岡山區,2013,7,1,4.7,C0V670,2013-07-01,C0V670
803,斜紋夜蛾,苗栗縣,後龍鎮,2013,7,1,73.3,C0E750,2013-07-01,C0E750
804,斜紋夜蛾,苗栗縣,公館鄉,2013,7,1,1.7,C0E780,2013-07-01,C0E780
805,斜紋夜蛾,花蓮縣,新秀地區,2013,7,1,34.3,466990,2013-07-01,466990
806,斜紋夜蛾,花蓮縣,吉安鄉,2013,7,1,8.3,466990,2013-07-01,466990
807,斜紋夜蛾,宜蘭縣,三星地區,2013,7,1,13.0,C1U660,2013-07-01,C1U660
808,斜紋夜蛾,台南市,官田區,2013,7,1,29.7,C0O900,2013-07-01,C0O900
809,斜紋夜蛾,台中市,霧峰區,2013,7,1,16.3,C1F9B1,2013-07-01,C1F9B1
810,斜紋夜蛾,台中市,龍井區,2013,7,1,147.7,467770,2013-07-01,467770
811,斜紋夜蛾,台中市,大甲區,2013,7,1,0.3,C0F930,2013-07-01,C0F930
812,斜紋夜蛾,彰化縣,福興鄉,2013,6,3,34.0,C0G640,2013-06-21,C0G640
813,斜紋夜蛾,彰化縣,大城鄉,2013,6,3,26.0,C0G840,2013-06-21,C0G840
814,斜紋夜蛾,新竹縣,竹北市,2013,6,3,17.3,467571,2013-06-21,467571
815,斜紋夜蛾,新北市,蘆洲區,2013,6,3,22.0,C0ACA0,2013-06-21,C0ACA0
816,斜紋夜蛾,雲林縣,褒忠鄉,2013,6,3,5.0,C0K250,2013-06-21,C0K250
817,斜紋夜蛾,高雄市,岡山區,2013,6,3,3.7,C0V670,2013-06-21,C0V670
818,斜紋夜蛾,苗栗縣,後龍鎮,2013,6,3,109.0,C0E750,2013-06-21,C0E750
819,斜紋夜蛾,花蓮縣,新秀地區,2013,6,3,34.0,466990,2013-06-21,466990
820,斜紋夜蛾,花蓮縣,吉安鄉,2013,6,3,9.3,466990,2013-06-21,466990
821,斜紋夜蛾,宜蘭縣,三星地區,2013,6,3,14.3,C1U660,2013-06-21,C1U660
822,斜紋夜蛾,台南市,官田區,2013,6,3,22.0,C0O900,2013-06-21,C0O900
823,斜紋夜蛾,台中市,霧峰區,2013,6,3,18.0,C1F9B1,2013-06-21,C1F9B1
824,斜紋夜蛾,台中市,龍井區,2013,6,3,182.7,467770,2013-06-21,467770
825,斜紋夜蛾,台中市,大甲區,2013,6,3,5.7,C0F930,2013-06-21,C0F930
826,斜紋夜蛾,彰化縣,福興鄉,2013,6,2,0.0,C0G640,2013-06-11,C0G640
827,斜紋夜蛾,彰化縣,田尾鄉,2013,6,2,0.0,C0G840,2013-06-11,C0G840
828,斜紋夜蛾,彰化縣,大城鄉,2013,6,2,0.0,C0G840,2013-06-11,C0G840
829,斜紋夜蛾,新竹縣,竹北市,2013,6,2,0.0,467571,2013-06-11,467571
830,斜紋夜蛾,新北市,蘆洲區,2013,6,2,0.0,C0ACA0,2013-06-11,C0ACA0
831,斜紋夜蛾,雲林縣,褒忠鄉,2013,6,2,0.0,C0K250,2013-06-11,C0K250
832,斜紋夜蛾,高雄市,岡山區,2013,6,2,0.0,C0V670,2013-06-11,C0V670
833,斜紋夜蛾,苗栗縣,後龍鎮,2013,6,2,0.0,C0E750,2013-06-11,C0E750
834,斜紋夜蛾,苗栗縣,公館鄉,2013,6,2,0.0,C0E780,2013-06-11,C0E780
835,斜紋夜蛾,花蓮縣,新秀地區,2013,6,2,0.0,466990,2013-06-11,466990
836,斜紋夜蛾,花蓮縣,吉安鄉,2013,6,2,0.0,466990,2013-06-11,466990
837,斜紋夜蛾,宜蘭縣,三星地區,2013,6,2,0.0,C1U660,2013-06-11,C1U660
838,斜紋夜蛾,台南市,官田區,2013,6,2,0.0,C0O900,2013-06-11,C0O900
839,斜紋夜蛾,台中市,霧峰區,2013,6,2,0.0,C1F9B1,2013-06-11,C1F9B1
840,斜紋夜蛾,台中市,龍井區,2013,6,2,0.0,467770,2013-06-11,467770
841,斜紋夜蛾,台中市,大甲區,2013,6,2,0.0,C0F930,2013-06-11,C0F930
842,斜紋夜蛾,彰化縣,福興鄉,2013,5,3,3.7,C0G640,2013-05-21,C0G640
843,斜紋夜蛾,彰化縣,田尾鄉,2013,5,3,11.7,C0G840,2013-05-21,C0G840
844,斜紋夜蛾,彰化縣,大城鄉,2013,5,3,45.3,C0G840,2013-05-21,C0G840
845,斜紋夜蛾,新竹縣,竹北市,2013,5,3,4.0,467571,2013-05-21,467571
846,斜紋夜蛾,新北市,蘆洲區,2013,5,3,9.0,C0ACA0,2013-05-21,C0ACA0
847,斜紋夜蛾,雲林縣,褒忠鄉,2013,5,3,8.0,C0K250,2013-05-21,C0K250
848,斜紋夜蛾,高雄市,岡山區,2013,5,3,2.3,C0V670,2013-05-21,C0V670
849,斜紋夜蛾,苗栗縣,後龍鎮,2013,5,3,28.3,C0E750,2013-05-21,C0E750
850,斜紋夜蛾,苗栗縣,公館鄉,2013,5,3,3.0,C0E780,2013-05-21,C0E780
851,斜紋夜蛾,花蓮縣,新秀地區,2013,5,3,26.7,466990,2013-05-21,466990
852,斜紋夜蛾,花蓮縣,吉安鄉,2013,5,3,9.7,466990,2013-05-21,466990
853,斜紋夜蛾,宜蘭縣,三星地區,2013,5,3,22.3,C1U660,2013-05-21,C1U660
854,斜紋夜蛾,台南市,官田區,2013,5,3,6.7,C0O900,2013-05-21,C0O900
855,斜紋夜蛾,台中市,霧峰區,2013,5,3,9.3,C1F9B1,2013-05-21,C1F9B1
856,斜紋夜蛾,台中市,龍井區,2013,5,3,111.0,467770,2013-05-21,467770
857,斜紋夜蛾,台中市,大甲區,2013,5,3,8.3,C0F930,2013-05-21,C0F930
858,斜紋夜蛾,彰化縣,福興鄉,2013,5,2,4.0,C0G640,2013-05-11,C0G640
859,斜紋夜蛾,彰化縣,田尾鄉,2013,5,2,6.7,C0G840,2013-05-11,C0G840
860,斜紋夜蛾,彰化縣,大城鄉,2013,5,2,30.7,C0G840,2013-05-11,C0G840
861,斜紋夜蛾,新竹縣,竹北市,2013,5,2,4.7,467571,2013-05-11,467571
862,斜紋夜蛾,新北市,蘆洲區,2013,5,2,21.0,C0ACA0,2013-05-11,C0ACA0
863,斜紋夜蛾,雲林縣,褒忠鄉,2013,5,2,12.7,C0K250,2013-05-11,C0K250
864,斜紋夜蛾,高雄市,岡山區,2013,5,2,3.7,C0V670,2013-05-11,C0V670
865,斜紋夜蛾,桃園縣,八德市,2013,5,2,11.0,C0C490,2013-05-11,C0C490
866,斜紋夜蛾,苗栗縣,後龍鎮,2013,5,2,17.0,C0E750,2013-05-11,C0E750
867,斜紋夜蛾,花蓮縣,新秀地區,2013,5,2,28.0,466990,2013-05-11,466990
868,斜紋夜蛾,花蓮縣,吉安鄉,2013,5,2,10.3,466990,2013-05-11,466990
869,斜紋夜蛾,宜蘭縣,三星地區,2013,5,2,13.7,C1U660,2013-05-11,C1U660
870,斜紋夜蛾,台南市,官田區,2013,5,2,4.7,C0O900,2013-05-11,C0O900
871,斜紋夜蛾,台中市,霧峰區,2013,5,2,16.7,C1F9B1,2013-05-11,C1F9B1
872,斜紋夜蛾,台中市,龍井區,2013,5,2,138.7,467770,2013-05-11,467770
873,斜紋夜蛾,台中市,大甲區,2013,5,2,4.7,C0F930,2013-05-11,C0F930
874,斜紋夜蛾,彰化縣,福興鄉,2013,5,1,4.7,C0G640,2013-05-01,C0G640
875,斜紋夜蛾,彰化縣,田尾鄉,2013,5,1,11.7,C0G840,2013-05-01,C0G840
876,斜紋夜蛾,彰化縣,大城鄉,2013,5,1,24.0,C0G840,2013-05-01,C0G840
877,斜紋夜蛾,新竹縣,竹北市,2013,5,1,4.3,467571,2013-05-01,467571
878,斜紋夜蛾,新北市,蘆洲區,2013,5,1,9.7,C0ACA0,2013-05-01,C0ACA0
879,斜紋夜蛾,雲林縣,褒忠鄉,2013,5,1,9.7,C0K250,2013-05-01,C0K250
880,斜紋夜蛾,高雄市,岡山區,2013,5,1,4.0,C0V670,2013-05-01,C0V670
881,斜紋夜蛾,苗栗縣,後龍鎮,2013,5,1,11.3,C0E750,2013-05-01,C0E750
882,斜紋夜蛾,花蓮縣,新秀地區,2013,5,1,25.0,466990,2013-05-01,466990
883,斜紋夜蛾,花蓮縣,吉安鄉,2013,5,1,9.7,466990,2013-05-01,466990
884,斜紋夜蛾,宜蘭縣,三星地區,2013,5,1,5.0,C1U660,2013-05-01,C1U660
885,斜紋夜蛾,台南市,官田區,2013,5,1,15.3,C0O900,2013-05-01,C0O900
886,斜紋夜蛾,台中市,霧峰區,2013,5,1,29.3,C1F9B1,2013-05-01,C1F9B1
887,斜紋夜蛾,台中市,龍井區,2013,5,1,100.7,467770,2013-05-01,467770
888,斜紋夜蛾,台中市,大甲區,2013,5,1,2.7,C0F930,2013-05-01,C0F930
889,斜紋夜蛾,彰化縣,福興鄉,2013,4,3,5.0,C0G640,2013-04-21,C0G640
890,斜紋夜蛾,彰化縣,田尾鄉,2013,4,3,8.3,C0G840,2013-04-21,C0G840
891,斜紋夜蛾,彰化縣,大城鄉,2013,4,3,14.0,C0G840,2013-04-21,C0G840
892,斜紋夜蛾,新竹縣,竹北市,2013,4,3,8.0,467571,2013-04-21,467571
893,斜紋夜蛾,新北市,蘆洲區,2013,4,3,7.7,C0ACA0,2013-04-21,C0ACA0
894,斜紋夜蛾,雲林縣,褒忠鄉,2013,4,3,5.0,C0K250,2013-04-21,C0K250
895,斜紋夜蛾,高雄市,岡山區,2013,4,3,4.3,C0V670,2013-04-21,C0V670
896,斜紋夜蛾,苗栗縣,後龍鎮,2013,4,3,9.3,C0E750,2013-04-21,C0E750
897,斜紋夜蛾,花蓮縣,新秀地區,2013,4,3,25.3,466990,2013-04-21,466990
898,斜紋夜蛾,花蓮縣,吉安鄉,2013,4,3,11.7,466990,2013-04-21,466990
899,斜紋夜蛾,宜蘭縣,三星地區,2013,4,3,4.0,C1U660,2013-04-21,C1U660
900,斜紋夜蛾,台南市,官田區,2013,4,3,9.3,C0O900,2013-04-21,C0O900
901,斜紋夜蛾,台中市,霧峰區,2013,4,3,20.0,C1F9B1,2013-04-21,C1F9B1
902,斜紋夜蛾,台中市,龍井區,2013,4,3,49.0,467770,2013-04-21,467770
903,斜紋夜蛾,台中市,大甲區,2013,4,3,2.0,C0F930,2013-04-21,C0F930
904,斜紋夜蛾,彰化縣,福興鄉,2013,4,2,6.3,C0G640,2013-04-11,C0G640
905,斜紋夜蛾,彰化縣,大城鄉,2013,4,2,12.7,C0G840,2013-04-11,C0G840
906,斜紋夜蛾,新竹縣,竹北市,2013,4,2,5.0,467571,2013-04-11,467571
907,斜紋夜蛾,新北市,蘆洲區,2013,4,2,14.7,C0ACA0,2013-04-11,C0ACA0
908,斜紋夜蛾,雲林縣,褒忠鄉,2013,4,2,14.0,C0K250,2013-04-11,C0K250
909,斜紋夜蛾,高雄市,岡山區,2013,4,2,2.7,C0V670,2013-04-11,C0V670
910,斜紋夜蛾,苗栗縣,後龍鎮,2013,4,2,6.0,C0E750,2013-04-11,C0E750
911,斜紋夜蛾,花蓮縣,新秀地區,2013,4,2,20.0,466990,2013-04-11,466990
912,斜紋夜蛾,花蓮縣,吉安鄉,2013,4,2,9.3,466990,2013-04-11,466990
913,斜紋夜蛾,宜蘭縣,三星地區,2013,4,2,5.3,C1U660,2013-04-11,C1U660
914,斜紋夜蛾,台南市,官田區,2013,4,2,16.7,C0O900,2013-04-11,C0O900
915,斜紋夜蛾,台中市,霧峰區,2013,4,2,24.7,C1F9B1,2013-04-11,C1F9B1
916,斜紋夜蛾,台中市,龍井區,2013,4,2,49.0,467770,2013-04-11,467770
917,斜紋夜蛾,台中市,大甲區,2013,4,2,1.7,C0F930,2013-04-11,C0F930
918,斜紋夜蛾,彰化縣,福興鄉,2013,4,1,6.0,C0G640,2013-04-01,C0G640
919,斜紋夜蛾,彰化縣,田尾鄉,2013,4,1,6.7,C0G840,2013-04-01,C0G840
920,斜紋夜蛾,彰化縣,大城鄉,2013,4,1,10.0,C0G840,2013-04-01,C0G840
921,斜紋夜蛾,新竹縣,竹北市,2013,4,1,3.7,467571,2013-04-01,467571
922,斜紋夜蛾,新北市,蘆洲區,2013,4,1,36.7,C0ACA0,2013-04-01,C0ACA0
923,斜紋夜蛾,雲林縣,褒忠鄉,2013,4,1,0.0,C0K250,2013-04-01,C0K250
924,斜紋夜蛾,高雄市,岡山區,2013,4,1,4.7,C0V670,2013-04-01,C0V670
925,斜紋夜蛾,桃園縣,八德市,2013,4,1,11.0,C0C490,2013-04-01,C0C490
926,斜紋夜蛾,苗栗縣,後龍鎮,2013,4,1,5.7,C0E750,2013-04-01,C0E750
927,斜紋夜蛾,花蓮縣,新秀地區,2013,4,1,20.3,466990,2013-04-01,466990
928,斜紋夜蛾,花蓮縣,吉安鄉,2013,4,1,9.3,466990,2013-04-01,466990
929,斜紋夜蛾,宜蘭縣,三星地區,2013,4,1,3.0,C1U660,2013-04-01,C1U660
930,斜紋夜蛾,台南市,官田區,2013,4,1,16.7,C0O900,2013-04-01,C0O900
931,斜紋夜蛾,台中市,霧峰區,2013,4,1,24.3,C1F9B1,2013-04-01,C1F9B1
932,斜紋夜蛾,台中市,龍井區,2013,4,1,24.7,467770,2013-04-01,467770
933,斜紋夜蛾,台中市,大甲區,2013,4,1,3.3,C0F930,2013-04-01,C0F930
934,斜紋夜蛾,彰化縣,福興鄉,2013,3,3,11.3,C0G640,2013-03-21,C0G640
935,斜紋夜蛾,彰化縣,田尾鄉,2013,3,3,11.7,C0G840,2013-03-21,C0G840
936,斜紋夜蛾,彰化縣,大城鄉,2013,3,3,12.7,C0G840,2013-03-21,C0G840
937,斜紋夜蛾,新竹縣,竹北市,2013,3,3,3.0,467571,2013-03-21,467571
938,斜紋夜蛾,新北市,蘆洲區,2013,3,3,6.7,C0ACA0,2013-03-21,C0ACA0
939,斜紋夜蛾,雲林縣,褒忠鄉,2013,3,3,0.0,C0K250,2013-03-21,C0K250
940,斜紋夜蛾,高雄市,岡山區,2013,3,3,3.3,C0V670,2013-03-21,C0V670
941,斜紋夜蛾,花蓮縣,新秀地區,2013,3,3,20.3,466990,2013-03-21,466990
942,斜紋夜蛾,花蓮縣,吉安鄉,2013,3,3,6.7,466990,2013-03-21,466990
943,斜紋夜蛾,宜蘭縣,三星地區,2013,3,3,4.0,C1U660,2013-03-21,C1U660
944,斜紋夜蛾,台南市,官田區,2013,3,3,2.0,C0O900,2013-03-21,C0O900
945,斜紋夜蛾,台中市,霧峰區,2013,3,3,14.3,C1F9B1,2013-03-21,C1F9B1
946,斜紋夜蛾,台中市,龍井區,2013,3,3,23.3,467770,2013-03-21,467770
947,斜紋夜蛾,台中市,大甲區,2013,3,3,3.0,C0F930,2013-03-21,C0F930
948,斜紋夜蛾,彰化縣,福興鄉,2013,3,2,8.0,C0G640,2013-03-11,C0G640
949,斜紋夜蛾,彰化縣,田尾鄉,2013,3,2,10.0,C0G840,2013-03-11,C0G840
950,斜紋夜蛾,彰化縣,大城鄉,2013,3,2,12.3,C0G840,2013-03-11,C0G840
951,斜紋夜蛾,新竹縣,竹北市,2013,3,2,4.7,467571,2013-03-11,467571
952,斜紋夜蛾,新北市,蘆洲區,2013,3,2,4.7,C0ACA0,2013-03-11,C0ACA0
953,斜紋夜蛾,雲林縣,褒忠鄉,2013,3,2,0.0,C0K250,2013-03-11,C0K250
954,斜紋夜蛾,高雄市,岡山區,2013,3,2,4.7,C0V670,2013-03-11,C0V670
955,斜紋夜蛾,桃園縣,八德市,2013,3,2,10.3,C0C490,2013-03-11,C0C490
956,斜紋夜蛾,苗栗縣,後龍鎮,2013,3,2,5.0,C0E750,2013-03-11,C0E750
957,斜紋夜蛾,花蓮縣,新秀地區,2013,3,2,17.3,466990,2013-03-11,466990
958,斜紋夜蛾,花蓮縣,吉安鄉,2013,3,2,6.7,466990,2013-03-11,466990
959,斜紋夜蛾,宜蘭縣,三星地區,2013,3,2,3.7,C1U660,2013-03-11,C1U660
960,斜紋夜蛾,台南市,官田區,2013,3,2,2.0,C0O900,2013-03-11,C0O900
961,斜紋夜蛾,台中市,霧峰區,2013,3,2,16.3,C1F9B1,2013-03-11,C1F9B1
962,斜紋夜蛾,台中市,龍井區,2013,3,2,12.0,467770,2013-03-11,467770
963,斜紋夜蛾,台中市,大甲區,2013,3,2,0.7,C0F930,2013-03-11,C0F930
964,斜紋夜蛾,彰化縣,福興鄉,2013,3,1,7.7,C0G640,2013-03-01,C0G640
965,斜紋夜蛾,彰化縣,田尾鄉,2013,3,1,8.3,C0G840,2013-03-01,C0G840
966,斜紋夜蛾,彰化縣,大城鄉,2013,3,1,16.7,C0G840,2013-03-01,C0G840
967,斜紋夜蛾,新竹縣,竹北市,2013,3,1,5.3,467571,2013-03-01,467571
968,斜紋夜蛾,新北市,蘆洲區,2013,3,1,8.3,C0ACA0,2013-03-01,C0ACA0
969,斜紋夜蛾,雲林縣,褒忠鄉,2013,3,1,7.7,C0K250,2013-03-01,C0K250
970,斜紋夜蛾,高雄市,岡山區,2013,3,1,2.7,C0V670,2013-03-01,C0V670
971,斜紋夜蛾,苗栗縣,後龍鎮,2013,3,1,6.0,C0E750,2013-03-01,C0E750
972,斜紋夜蛾,花蓮縣,新秀地區,2013,3,1,11.3,466990,2013-03-01,466990
973,斜紋夜蛾,花蓮縣,吉安鄉,2013,3,1,8.3,466990,2013-03-01,466990
974,斜紋夜蛾,宜蘭縣,三星地區,2013,3,1,2.3,C1U660,2013-03-01,C1U660
975,斜紋夜蛾,台南市,官田區,2013,3,1,2.0,C0O900,2013-03-01,C0O900
976,斜紋夜蛾,台中市,霧峰區,2013,3,1,10.3,C1F9B1,2013-03-01,C1F9B1
977,斜紋夜蛾,台中市,龍井區,2013,3,1,0.7,467770,2013-03-01,467770
978,斜紋夜蛾,台中市,大甲區,2013,3,1,0.7,C0F930,2013-03-01,C0F930
979,斜紋夜蛾,彰化縣,福興鄉,2013,2,3,11.0,C0G640,2013-02-21,C0G640
980,斜紋夜蛾,彰化縣,田尾鄉,2013,2,3,8.3,C0G840,2013-02-21,C0G840
981,斜紋夜蛾,彰化縣,大城鄉,2013,2,3,20.7,C0G840,2013-02-21,C0G840
982,斜紋夜蛾,新竹縣,竹北市,2013,2,3,7.3,467571,2013-02-21,467571
983,斜紋夜蛾,新北市,蘆洲區,2013,2,3,6.0,C0ACA0,2013-02-21,C0ACA0
984,斜紋夜蛾,雲林縣,褒忠鄉,2013,2,3,13.0,C0K250,2013-02-21,C0K250
985,斜紋夜蛾,高雄市,岡山區,2013,2,3,6.3,C0V670,2013-02-21,C0V670
986,斜紋夜蛾,苗栗縣,後龍鎮,2013,2,3,4.3,C0E750,2013-02-21,C0E750
987,斜紋夜蛾,花蓮縣,新秀地區,2013,2,3,11.0,466990,2013-02-21,466990
988,斜紋夜蛾,花蓮縣,吉安鄉,2013,2,3,6.7,466990,2013-02-21,466990
989,斜紋夜蛾,宜蘭縣,三星地區,2013,2,3,2.3,C1U660,2013-02-21,C1U660
990,斜紋夜蛾,台南市,官田區,2013,2,3,20.0,C0O900,2013-02-21,C0O900
991,斜紋夜蛾,台中市,霧峰區,2013,2,3,16.7,C1F9B1,2013-02-21,C1F9B1
992,斜紋夜蛾,台中市,龍井區,2013,2,3,0.0,467770,2013-02-21,467770
993,斜紋夜蛾,台中市,大甲區,2013,2,3,0.7,C0F930,2013-02-21,C0F930
994,斜紋夜蛾,彰化縣,福興鄉,2013,2,2,12.7,C0G640,2013-02-11,C0G640
995,斜紋夜蛾,彰化縣,田尾鄉,2013,2,2,8.3,C0G840,2013-02-11,C0G840
996,斜紋夜蛾,彰化縣,大城鄉,2013,2,2,37.7,C0G840,2013-02-11,C0G840
997,斜紋夜蛾,新竹縣,竹北市,2013,2,2,8.7,467571,2013-02-11,467571
998,斜紋夜蛾,新北市,蘆洲區,2013,2,2,6.3,C0ACA0,2013-02-11,C0ACA0
999,斜紋夜蛾,花蓮縣,新秀地區,2013,2,2,5.3,466990,2013-02-11,466990
1000,斜紋夜蛾,花蓮縣,吉安鄉,2013,2,2,8.3,466990,2013-02-11,466990
1001,斜紋夜蛾,台中市,龍井區,2013,2,2,0.7,467770,2013-02-11,467770
1002,斜紋夜蛾,彰化縣,福興鄉,2013,2,1,18.7,C0G640,2013-02-01,C0G640
1003,斜紋夜蛾,彰化縣,大城鄉,2013,2,1,32.0,C0G840,2013-02-01,C0G840
1004,斜紋夜蛾,新竹縣,竹北市,2013,2,1,10.0,467571,2013-02-01,467571
1005,斜紋夜蛾,新北市,蘆洲區,2013,2,1,13.7,C0ACA0,2013-02-01,C0ACA0
1006,斜紋夜蛾,高雄市,岡山區,2013,2,1,4.0,C0V670,2013-02-01,C0V670
1007,斜紋夜蛾,苗栗縣,後龍鎮,2013,2,1,6.7,C0E750,2013-02-01,C0E750
1008,斜紋夜蛾,花蓮縣,新秀地區,2013,2,1,5.3,466990,2013-02-01,466990
1009,斜紋夜蛾,花蓮縣,吉安鄉,2013,2,1,10.7,466990,2013-02-01,466990
1010,斜紋夜蛾,台南市,官田區,2013,2,1,25.5,C0O900,2013-02-01,C0O900
1011,斜紋夜蛾,台中市,霧峰區,2013,2,1,28.3,C1F9B1,2013-02-01,C1F9B1
1012,斜紋夜蛾,台中市,龍井區,2013,2,1,2.7,467770,2013-02-01,467770
1013,斜紋夜蛾,台中市,大甲區,2013,2,1,0.0,C0F930,2013-02-01,C0F930
1014,斜紋夜蛾,彰化縣,福興鄉,2013,1,3,9.0,C0G640,2013-01-21,C0G640
1015,斜紋夜蛾,彰化縣,田尾鄉,2013,1,3,8.3,C0G840,2013-01-21,C0G840
1016,斜紋夜蛾,彰化縣,大城鄉,2013,1,3,35.0,C0G840,2013-01-21,C0G840
1017,斜紋夜蛾,新竹縣,竹北市,2013,1,3,5.0,467571,2013-01-21,467571
1018,斜紋夜蛾,新北市,蘆洲區,2013,1,3,24.7,C0ACA0,2013-01-21,C0ACA0
1019,斜紋夜蛾,雲林縣,褒忠鄉,2013,1,3,3.0,C0K250,2013-01-21,C0K250
1020,斜紋夜蛾,高雄市,岡山區,2013,1,3,2.0,C0V670,2013-01-21,C0V670
1021,斜紋夜蛾,桃園縣,八德市,2013,1,3,10.0,C0C490,2013-01-21,C0C490
1022,斜紋夜蛾,苗栗縣,後龍鎮,2013,1,3,3.3,C0E750,2013-01-21,C0E750
1023,斜紋夜蛾,花蓮縣,新秀地區,2013,1,3,4.3,466990,2013-01-21,466990
1024,斜紋夜蛾,花蓮縣,吉安鄉,2013,1,3,8.0,466990,2013-01-21,466990
1025,斜紋夜蛾,宜蘭縣,三星地區,2013,1,3,3.3,C1U660,2013-01-21,C1U660
1026,斜紋夜蛾,台南市,官田區,2013,1,3,47.7,C0O900,2013-01-21,C0O900
1027,斜紋夜蛾,台中市,霧峰區,2013,1,3,40.3,C1F9B1,2013-01-21,C1F9B1
1028,斜紋夜蛾,台中市,龍井區,2013,1,3,4.3,467770,2013-01-21,467770
1029,斜紋夜蛾,台中市,大甲區,2013,1,3,0.0,C0F930,2013-01-21,C0F930
1030,斜紋夜蛾,彰化縣,福興鄉,2013,1,2,12.0,C0G640,2013-01-11,C0G640
1031,斜紋夜蛾,彰化縣,田尾鄉,2013,1,2,5.0,C0G840,2013-01-11,C0G840
1032,斜紋夜蛾,彰化縣,大城鄉,2013,1,2,42.7,C0G840,2013-01-11,C0G840
1033,斜紋夜蛾,新竹縣,竹北市,2013,1,2,3.7,467571,2013-01-11,467571
1034,斜紋夜蛾,新北市,蘆洲區,2013,1,2,29.3,C0ACA0,2013-01-11,C0ACA0
1035,斜紋夜蛾,雲林縣,褒忠鄉,2013,1,2,13.3,C0K250,2013-01-11,C0K250
1036,斜紋夜蛾,高雄市,岡山區,2013,1,2,3.7,C0V670,2013-01-11,C0V670
1037,斜紋夜蛾,桃園縣,八德市,2013,1,2,9.7,C0C490,2013-01-11,C0C490
1038,斜紋夜蛾,苗栗縣,後龍鎮,2013,1,2,3.7,C0E750,2013-01-11,C0E750
1039,斜紋夜蛾,花蓮縣,新秀地區,2013,1,2,6.0,466990,2013-01-11,466990
1040,斜紋夜蛾,花蓮縣,吉安鄉,2013,1,2,9.7,466990,2013-01-11,466990
1041,斜紋夜蛾,宜蘭縣,三星地區,2013,1,2,0.7,C1U660,2013-01-11,C1U660
1042,斜紋夜蛾,台南市,官田區,2013,1,2,140.7,C0O900,2013-01-11,C0O900
1043,斜紋夜蛾,台中市,霧峰區,2013,1,2,37.3,C1F9B1,2013-01-11,C1F9B1
1044,斜紋夜蛾,台中市,龍井區,2013,1,2,7.7,467770,2013-01-11,467770
1045,斜紋夜蛾,台中市,大甲區,2013,1,2,1.0,C0F930,2013-01-11,C0F930
1046,斜紋夜蛾,彰化縣,福興鄉,2013,1,1,15.3,C0G640,2013-01-01,C0G640
1047,斜紋夜蛾,彰化縣,田尾鄉,2013,1,1,6.7,C0G840,2013-01-01,C0G840
1048,斜紋夜蛾,彰化縣,大城鄉,2013,1,1,19.3,C0G840,2013-01-01,C0G840
1049,斜紋夜蛾,新竹縣,竹北市,2013,1,1,2.7,467571,2013-01-01,467571
1050,斜紋夜蛾,新北市,蘆洲區,2013,1,1,21.0,C0ACA0,2013-01-01,C0ACA0
1051,斜紋夜蛾,雲林縣,褒忠鄉,2013,1,1,29.0,C0K250,2013-01-01,C0K250
1052,斜紋夜蛾,高雄市,岡山區,2013,1,1,2.7,C0V670,2013-01-01,C0V670
1053,斜紋夜蛾,桃園縣,八德市,2013,1,1,10.7,C0C490,2013-01-01,C0C490
1054,斜紋夜蛾,苗栗縣,後龍鎮,2013,1,1,2.7,C0E750,2013-01-01,C0E750
1055,斜紋夜蛾,苗栗縣,公館鄉,2013,1,1,4.3,C0E780,2013-01-01,C0E780
1056,斜紋夜蛾,花蓮縣,新秀地區,2013,1,1,5.7,466990,2013-01-01,466990
1057,斜紋夜蛾,花蓮縣,吉安鄉,2013,1,1,13.0,466990,2013-01-01,466990
1058,斜紋夜蛾,宜蘭縣,三星地區,2013,1,1,2.0,C1U660,2013-01-01,C1U660
1059,斜紋夜蛾,台南市,官田區,2013,1,1,118.0,C0O900,2013-01-01,C0O900
1060,斜紋夜蛾,台中市,霧峰區,2013,1,1,31.0,C1F9B1,2013-01-01,C1F9B1
1061,斜紋夜蛾,台中市,龍井區,2013,1,1,10.7,467770,2013-01-01,467770
1062,斜紋夜蛾,台中市,大甲區,2013,1,1,1.0,C0F930,2013-01-01,C0F930
